/*******************************************************************************
 * Size: 30 px
 * Bpp: 4
 * Opts: --font Inter-SemiBold.ttf --size 30 --bpp 4 --format lvgl --range 0x20-0x7F,0xB0,0xB7,0x2014,0x2248 --no-compress -o font_hero.c --force-fast-kern-format
 ******************************************************************************/

#ifdef LV_LVGL_H_INCLUDE_SIMPLE
#include "lvgl.h"
#else
#include <lvgl.h>
#endif

#ifndef FONT_HERO
#define FONT_HERO 1
#endif

#if FONT_HERO

/*-----------------
 *    BITMAPS
 *----------------*/

/*Store the image of the glyphs*/
static LV_ATTRIBUTE_LARGE_CONST const uint8_t glyph_bitmap[] = {
    /* U+0020 " " */

    /* U+0021 "!" */
    0x4f, 0xff, 0xe0, 0x3f, 0xff, 0xd0, 0x3f, 0xff,
    0xd0, 0x3f, 0xff, 0xd0, 0x3f, 0xff, 0xc0, 0x2f,
    0xff, 0xc0, 0x2f, 0xff, 0xc0, 0x2f, 0xff, 0xc0,
    0x1f, 0xff, 0xb0, 0x1f, 0xff, 0xb0, 0x1f, 0xff,
    0xb0, 0x1f, 0xff, 0xa0, 0xf, 0xff, 0xa0, 0xf,
    0xff, 0xa0, 0xf, 0xff, 0x90, 0x4, 0x44, 0x20,
    0x0, 0x0, 0x0, 0x4, 0xa9, 0x10, 0x3f, 0xff,
    0xd0, 0x8f, 0xff, 0xf2, 0x5f, 0xff, 0xf0, 0x9,
    0xfd, 0x50,

    /* U+0022 "\"" */
    0xff, 0xfb, 0x0, 0xff, 0xfa, 0xef, 0xfb, 0x0,
    0xff, 0xf9, 0xef, 0xfa, 0x0, 0xff, 0xf9, 0xdf,
    0xf9, 0x0, 0xef, 0xf8, 0xcf, 0xf9, 0x0, 0xef,
    0xf7, 0xcf, 0xf8, 0x0, 0xdf, 0xf7, 0xbf, 0xf7,
    0x0, 0xcf, 0xf6, 0xaf, 0xf7, 0x0, 0xcf, 0xf5,
    0x9f, 0xf6, 0x0, 0xbf, 0xf5, 0x0, 0x0, 0x0,
    0x0, 0x0,

    /* U+0023 "#" */
    0x0, 0x0, 0x0, 0xff, 0xf0, 0x0, 0x4, 0xff,
    0xa0, 0x0, 0x0, 0x0, 0x2f, 0xfc, 0x0, 0x0,
    0x7f, 0xf7, 0x0, 0x0, 0x0, 0x5, 0xff, 0x90,
    0x0, 0xa, 0xff, 0x40, 0x0, 0x0, 0x0, 0x8f,
    0xf6, 0x0, 0x0, 0xdf, 0xf1, 0x0, 0x0, 0x0,
    0xb, 0xff, 0x30, 0x0, 0xf, 0xfe, 0x0, 0x0,
    0xe, 0xff, 0xff, 0xff, 0xff, 0xff, 0xff, 0xff,
    0xfd, 0x1, 0xff, 0xff, 0xff, 0xff, 0xff, 0xff,
    0xff, 0xff, 0xa0, 0x4f, 0xff, 0xff, 0xff, 0xff,
    0xff, 0xff, 0xff, 0xf8, 0x0, 0x0, 0x6f, 0xf9,
    0x0, 0x0, 0xbf, 0xf4, 0x0, 0x0, 0x0, 0x8,
    0xff, 0x70, 0x0, 0xd, 0xff, 0x10, 0x0, 0x0,
    0x0, 0xaf, 0xf4, 0x0, 0x0, 0xff, 0xf0, 0x0,
    0x0, 0x0, 0xd, 0xff, 0x20, 0x0, 0x2f, 0xfd,
    0x0, 0x0, 0x0, 0x0, 0xff, 0xf0, 0x0, 0x4,
    0xff, 0xa0, 0x0, 0x3, 0xff, 0xff, 0xff, 0xff,
    0xff, 0xff, 0xff, 0xff, 0x90, 0x6f, 0xff, 0xff,
    0xff, 0xff, 0xff, 0xff, 0xff, 0xf6, 0x8, 0xff,
    0xff, 0xff, 0xff, 0xff, 0xff, 0xff, 0xff, 0x40,
    0x0, 0x9, 0xff, 0x60, 0x0, 0xe, 0xff, 0x10,
    0x0, 0x0, 0x0, 0xcf, 0xf3, 0x0, 0x1, 0xff,
    0xe0, 0x0, 0x0, 0x0, 0xe, 0xff, 0x0, 0x0,
    0x4f, 0xfb, 0x0, 0x0, 0x0, 0x1, 0xff, 0xe0,
    0x0, 0x6, 0xff, 0x90, 0x0, 0x0, 0x0, 0x3f,
    0xfb, 0x0, 0x0, 0x9f, 0xf6, 0x0, 0x0, 0x0,
    0x6, 0xff, 0x90, 0x0, 0xb, 0xff, 0x40, 0x0,
    0x0,

    /* U+0024 "$" */
    0x0, 0x0, 0x0, 0x0, 0x96, 0x0, 0x0, 0x0,
    0x0, 0x0, 0x0, 0x0, 0x0, 0xfb, 0x0, 0x0,
    0x0, 0x0, 0x0, 0x0, 0x0, 0x0, 0xfb, 0x0,
    0x0, 0x0, 0x0, 0x0, 0x0, 0x0, 0x0, 0xfb,
    0x0, 0x0, 0x0, 0x0, 0x0, 0x0, 0x18, 0xcf,
    0xff, 0xec, 0x71, 0x0, 0x0, 0x0, 0x7, 0xff,
    0xff, 0xff, 0xff, 0xff, 0x60, 0x0, 0x0, 0x9f,
    0xff, 0xff, 0xff, 0xff, 0xff, 0xf6, 0x0, 0x4,
    0xff, 0xff, 0xb6, 0xfc, 0x6d, 0xff, 0xff, 0x20,
    0xb, 0xff, 0xf9, 0x0, 0xfb, 0x0, 0xbf, 0xff,
    0x80, 0xe, 0xff, 0xf1, 0x0, 0xfb, 0x0, 0x2f,
    0xff, 0xb0, 0xf, 0xff, 0xf0, 0x0, 0xfb, 0x0,
    0x1, 0x11, 0x10, 0xd, 0xff, 0xf8, 0x0, 0xfb,
    0x0, 0x0, 0x0, 0x0, 0x8, 0xff, 0xff, 0xc5,
    0xfb, 0x0, 0x0, 0x0, 0x0, 0x0, 0xdf, 0xff,
    0xff, 0xfe, 0x83, 0x0, 0x0, 0x0, 0x0, 0x1b,
    0xff, 0xff, 0xff, 0xff, 0xd7, 0x0, 0x0, 0x0,
    0x0, 0x4a, 0xff, 0xff, 0xff, 0xff, 0xd2, 0x0,
    0x0, 0x0, 0x0, 0x4, 0xff, 0xff, 0xff, 0xfe,
    0x10, 0x0, 0x0, 0x0, 0x0, 0xfb, 0x18, 0xff,
    0xff, 0x90, 0x0, 0x0, 0x0, 0x0, 0xfb, 0x0,
    0x3f, 0xff, 0xf0, 0x58, 0x88, 0x20, 0x0, 0xfb,
    0x0, 0xd, 0xff, 0xf1, 0x7f, 0xff, 0x80, 0x0,
    0xfb, 0x0, 0xf, 0xff, 0xf0, 0x3f, 0xff, 0xf3,
    0x0, 0xfb, 0x0, 0x9f, 0xff, 0xd0, 0xd, 0xff,
    0xff, 0xa5, 0xfc, 0x6c, 0xff, 0xff, 0x70, 0x3,
    0xff, 0xff, 0xff, 0xff, 0xff, 0xff, 0xfc, 0x0,
    0x0, 0x3e, 0xff, 0xff, 0xff, 0xff, 0xff, 0xb1,
    0x0, 0x0, 0x0, 0x6b, 0xef, 0xff, 0xfd, 0xa4,
    0x0, 0x0, 0x0, 0x0, 0x0, 0x0, 0xfb, 0x0,
    0x0, 0x0, 0x0, 0x0, 0x0, 0x0, 0x0, 0xfb,
    0x0, 0x0, 0x0, 0x0, 0x0, 0x0, 0x0, 0x0,
    0xfb, 0x0, 0x0, 0x0, 0x0,

    /* U+0025 "%" */
    0x0, 0x19, 0xef, 0xea, 0x20, 0x0, 0x0, 0x0,
    0x0, 0x4f, 0xf9, 0x0, 0x0, 0x1, 0xef, 0xff,
    0xff, 0xf2, 0x0, 0x0, 0x0, 0x1, 0xef, 0xd0,
    0x0, 0x0, 0xa, 0xff, 0xc8, 0xbf, 0xfc, 0x0,
    0x0, 0x0, 0xa, 0xff, 0x30, 0x0, 0x0, 0xf,
    0xfe, 0x0, 0xd, 0xff, 0x0, 0x0, 0x0, 0x5f,
    0xf8, 0x0, 0x0, 0x0, 0xf, 0xfb, 0x0, 0xa,
    0xff, 0x10, 0x0, 0x1, 0xef, 0xd0, 0x0, 0x0,
    0x0, 0xf, 0xfc, 0x0, 0xb, 0xff, 0x10, 0x0,
    0xa, 0xff, 0x30, 0x0, 0x0, 0x0, 0xd, 0xff,
    0x40, 0x4f, 0xfe, 0x0, 0x0, 0x5f, 0xf7, 0x0,
    0x0, 0x0, 0x0, 0x6, 0xff, 0xff, 0xff, 0xf7,
    0x0, 0x1, 0xff, 0xc0, 0x0, 0x0, 0x0, 0x0,
    0x0, 0x8f, 0xff, 0xff, 0x90, 0x0, 0xb, 0xff,
    0x20, 0x0, 0x0, 0x0, 0x0, 0x0, 0x1, 0x67,
    0x62, 0x0, 0x0, 0x6f, 0xf7, 0x0, 0x0, 0x0,
    0x0, 0x0, 0x0, 0x0, 0x0, 0x0, 0x0, 0x2,
    0xff, 0xc0, 0x0, 0x0, 0x0, 0x0, 0x0, 0x0,
    0x0, 0x0, 0x0, 0x0, 0xc, 0xff, 0x20, 0x0,
    0x8d, 0xfe, 0x91, 0x0, 0x0, 0x0, 0x0, 0x0,
    0x0, 0x7f, 0xf6, 0x0, 0xc, 0xff, 0xff, 0xfe,
    0x10, 0x0, 0x0, 0x0, 0x0, 0x2, 0xff, 0xb0,
    0x0, 0x7f, 0xfd, 0x8c, 0xff, 0xa0, 0x0, 0x0,
    0x0, 0x0, 0xc, 0xfe, 0x10, 0x0, 0xdf, 0xf1,
    0x0, 0xdf, 0xf0, 0x0, 0x0, 0x0, 0x0, 0x8f,
    0xf5, 0x0, 0x0, 0xff, 0xd0, 0x0, 0xaf, 0xf2,
    0x0, 0x0, 0x0, 0x3, 0xff, 0xa0, 0x0, 0x0,
    0xff, 0xc0, 0x0, 0x9f, 0xf3, 0x0, 0x0, 0x0,
    0xd, 0xfe, 0x10, 0x0, 0x0, 0xff, 0xd0, 0x0,
    0xaf, 0xf2, 0x0, 0x0, 0x0, 0x8f, 0xf4, 0x0,
    0x0, 0x0, 0xdf, 0xf1, 0x0, 0xef, 0xf0, 0x0,
    0x0, 0x3, 0xff, 0xa0, 0x0, 0x0, 0x0, 0x7f,
    0xfd, 0x8c, 0xff, 0xa0, 0x0, 0x0, 0xd, 0xfe,
    0x0, 0x0, 0x0, 0x0, 0xc, 0xff, 0xff, 0xfe,
    0x10, 0x0, 0x0, 0x9f, 0xf4, 0x0, 0x0, 0x0,
    0x0, 0x0, 0x8d, 0xfe, 0x91, 0x0,

    /* U+0026 "&" */
    0x0, 0x0, 0x18, 0xdf, 0xec, 0x70, 0x0, 0x0,
    0x0, 0x0, 0x0, 0x4e, 0xff, 0xff, 0xff, 0xd1,
    0x0, 0x0, 0x0, 0x0, 0x1f, 0xff, 0xff, 0xff,
    0xff, 0xb0, 0x0, 0x0, 0x0, 0x8, 0xff, 0xfa,
    0x44, 0xcf, 0xff, 0x20, 0x0, 0x0, 0x0, 0xbf,
    0xfd, 0x0, 0x1, 0xff, 0xf5, 0x0, 0x0, 0x0,
    0xc, 0xff, 0x90, 0x0, 0xe, 0xff, 0x50, 0x0,
    0x0, 0x0, 0xaf, 0xfc, 0x0, 0x3, 0xff, 0xf1,
    0x0, 0x0, 0x0, 0x5, 0xff, 0xf3, 0x3, 0xef,
    0xf9, 0x0, 0x0, 0x0, 0x0, 0xc, 0xff, 0xd7,
    0xff, 0xfc, 0x0, 0x0, 0x0, 0x0, 0x0, 0x2f,
    0xff, 0xff, 0xfa, 0x0, 0x0, 0x0, 0x0, 0x0,
    0x2, 0xdf, 0xff, 0xf7, 0x0, 0x0, 0x0, 0x0,
    0x0, 0x5, 0xff, 0xff, 0xff, 0xc0, 0x0, 0x8,
    0x88, 0x20, 0x5, 0xff, 0xff, 0xbf, 0xff, 0xb0,
    0x1, 0xff, 0xf4, 0x1, 0xff, 0xff, 0x40, 0xaf,
    0xff, 0x90, 0x3f, 0xff, 0x20, 0x7f, 0xff, 0x60,
    0x0, 0xcf, 0xff, 0x79, 0xff, 0xf0, 0xa, 0xff,
    0xf1, 0x0, 0x1, 0xdf, 0xff, 0xff, 0xfa, 0x0,
    0xaf, 0xff, 0x30, 0x0, 0x1, 0xef, 0xff, 0xff,
    0x40, 0x7, 0xff, 0xfa, 0x0, 0x0, 0x4, 0xff,
    0xff, 0xb0, 0x0, 0x1f, 0xff, 0xfb, 0x53, 0x49,
    0xff, 0xff, 0xfd, 0x10, 0x0, 0x7f, 0xff, 0xff,
    0xff, 0xff, 0xff, 0xff, 0xfb, 0x0, 0x0, 0x7f,
    0xff, 0xff, 0xff, 0xff, 0x9a, 0xff, 0xf7, 0x0,
    0x0, 0x27, 0xce, 0xfe, 0xc8, 0x20, 0xd, 0xff,
    0xf4,

    /* U+0027 "'" */
    0xff, 0xfb, 0xef, 0xfb, 0xef, 0xfa, 0xdf, 0xf9,
    0xcf, 0xf9, 0xcf, 0xf8, 0xbf, 0xf7, 0xaf, 0xf7,
    0x9f, 0xf6, 0x0, 0x0,

    /* U+0028 "(" */
    0x0, 0x0, 0xbf, 0xfc, 0x0, 0x0, 0x4f, 0xff,
    0x70, 0x0, 0xb, 0xff, 0xf1, 0x0, 0x2, 0xff,
    0xfb, 0x0, 0x0, 0x7f, 0xff, 0x50, 0x0, 0xc,
    0xff, 0xf0, 0x0, 0x1, 0xff, 0xfc, 0x0, 0x0,
    0x5f, 0xff, 0x80, 0x0, 0x9, 0xff, 0xf4, 0x0,
    0x0, 0xcf, 0xff, 0x10, 0x0, 0xe, 0xff, 0xe0,
    0x0, 0x1, 0xff, 0xfc, 0x0, 0x0, 0x2f, 0xff,
    0xb0, 0x0, 0x3, 0xff, 0xfa, 0x0, 0x0, 0x4f,
    0xff, 0x90, 0x0, 0x3, 0xff, 0xfa, 0x0, 0x0,
    0x2f, 0xff, 0xa0, 0x0, 0x1, 0xff, 0xfc, 0x0,
    0x0, 0xf, 0xff, 0xe0, 0x0, 0x0, 0xbf, 0xff,
    0x20, 0x0, 0x8, 0xff, 0xf5, 0x0, 0x0, 0x4f,
    0xff, 0xa0, 0x0, 0x0, 0xef, 0xfe, 0x0, 0x0,
    0x9, 0xff, 0xf4, 0x0, 0x0, 0x3f, 0xff, 0xa0,
    0x0, 0x0, 0xcf, 0xff, 0x0, 0x0, 0x4, 0xff,
    0xf6, 0x0, 0x0, 0xc, 0xff, 0xd0,

    /* U+0029 ")" */
    0xaf, 0xfd, 0x0, 0x0, 0x4f, 0xff, 0x70, 0x0,
    0xd, 0xff, 0xe0, 0x0, 0x8, 0xff, 0xf4, 0x0,
    0x2, 0xff, 0xfa, 0x0, 0x0, 0xdf, 0xff, 0x0,
    0x0, 0x9f, 0xff, 0x40, 0x0, 0x5f, 0xff, 0x80,
    0x0, 0x1f, 0xff, 0xc0, 0x0, 0xe, 0xff, 0xf0,
    0x0, 0xc, 0xff, 0xf1, 0x0, 0xa, 0xff, 0xf4,
    0x0, 0x8, 0xff, 0xf5, 0x0, 0x7, 0xff, 0xf6,
    0x0, 0x6, 0xff, 0xf7, 0x0, 0x7, 0xff, 0xf6,
    0x0, 0x7, 0xff, 0xf5, 0x0, 0x9, 0xff, 0xf4,
    0x0, 0xc, 0xff, 0xf2, 0x0, 0xf, 0xff, 0xe0,
    0x0, 0x2f, 0xff, 0xb0, 0x0, 0x7f, 0xff, 0x70,
    0x0, 0xcf, 0xff, 0x20, 0x1, 0xff, 0xfc, 0x0,
    0x7, 0xff, 0xf6, 0x0, 0xd, 0xff, 0xe0, 0x0,
    0x4f, 0xff, 0x70, 0x0, 0xaf, 0xfe, 0x0, 0x0,

    /* U+002A "*" */
    0x0, 0x0, 0x2f, 0xf5, 0x0, 0x0, 0x0, 0x0,
    0x1, 0xff, 0x40, 0x0, 0x0, 0xb, 0x40, 0x1f,
    0xf3, 0x2, 0xc1, 0x6, 0xff, 0x91, 0xff, 0x37,
    0xff, 0x90, 0x7f, 0xff, 0xef, 0xfd, 0xff, 0xf9,
    0x0, 0x18, 0xff, 0xff, 0xff, 0xa2, 0x0, 0x0,
    0x8, 0xff, 0xff, 0xa1, 0x0, 0x0, 0x6e, 0xff,
    0xff, 0xff, 0xf8, 0x10, 0xaf, 0xff, 0x8f, 0xf8,
    0xff, 0xfd, 0x3, 0xfd, 0x30, 0xff, 0x31, 0xbf,
    0x60, 0x5, 0x0, 0x1f, 0xf4, 0x0, 0x50, 0x0,
    0x0, 0x2, 0xff, 0x50, 0x0, 0x0, 0x0, 0x0,
    0x19, 0x93, 0x0, 0x0, 0x0,

    /* U+002B "+" */
    0x0, 0x0, 0x0, 0x9f, 0xfc, 0x0, 0x0, 0x0,
    0x0, 0x0, 0x0, 0x9f, 0xfc, 0x0, 0x0, 0x0,
    0x0, 0x0, 0x0, 0x9f, 0xfc, 0x0, 0x0, 0x0,
    0x0, 0x0, 0x0, 0x9f, 0xfc, 0x0, 0x0, 0x0,
    0x0, 0x0, 0x0, 0x9f, 0xfc, 0x0, 0x0, 0x0,
    0x0, 0x0, 0x0, 0x9f, 0xfc, 0x0, 0x0, 0x0,
    0x4f, 0xff, 0xff, 0xff, 0xff, 0xff, 0xff, 0xf7,
    0x4f, 0xff, 0xff, 0xff, 0xff, 0xff, 0xff, 0xf7,
    0x4f, 0xff, 0xff, 0xff, 0xff, 0xff, 0xff, 0xf7,
    0x3, 0x33, 0x33, 0xaf, 0xfc, 0x33, 0x33, 0x31,
    0x0, 0x0, 0x0, 0x9f, 0xfc, 0x0, 0x0, 0x0,
    0x0, 0x0, 0x0, 0x9f, 0xfc, 0x0, 0x0, 0x0,
    0x0, 0x0, 0x0, 0x9f, 0xfc, 0x0, 0x0, 0x0,
    0x0, 0x0, 0x0, 0x9f, 0xfc, 0x0, 0x0, 0x0,
    0x0, 0x0, 0x0, 0x9f, 0xfc, 0x0, 0x0, 0x0,
    0x0, 0x0, 0x0, 0x1, 0x11, 0x0, 0x0, 0x0,

    /* U+002C "," */
    0x0, 0x1, 0x10, 0x0, 0xf, 0xff, 0xd0, 0x2,
    0xff, 0xf9, 0x0, 0x4f, 0xff, 0x40, 0x6, 0xff,
    0xf0, 0x0, 0x8f, 0xfb, 0x0, 0xb, 0xff, 0x70,
    0x0, 0xdf, 0xf2, 0x0, 0xf, 0xfe, 0x0, 0x2,
    0xff, 0x90, 0x0,

    /* U+002D "-" */
    0x33, 0x33, 0x33, 0x33, 0x33, 0xff, 0xff, 0xff,
    0xff, 0xfe, 0xff, 0xff, 0xff, 0xff, 0xfe, 0xff,
    0xff, 0xff, 0xff, 0xfe,

    /* U+002E "." */
    0x5, 0xb9, 0x10, 0x4f, 0xff, 0xd0, 0x8f, 0xff,
    0xf1, 0x5f, 0xff, 0xe0, 0x9, 0xfd, 0x30,

    /* U+002F "/" */
    0x0, 0x0, 0x0, 0x9, 0xff, 0xb0, 0x0, 0x0,
    0x0, 0xdf, 0xf7, 0x0, 0x0, 0x0, 0x1f, 0xff,
    0x30, 0x0, 0x0, 0x6, 0xff, 0xf0, 0x0, 0x0,
    0x0, 0xaf, 0xfb, 0x0, 0x0, 0x0, 0xe, 0xff,
    0x70, 0x0, 0x0, 0x2, 0xff, 0xf2, 0x0, 0x0,
    0x0, 0x6f, 0xfe, 0x0, 0x0, 0x0, 0xa, 0xff,
    0xa0, 0x0, 0x0, 0x0, 0xef, 0xf6, 0x0, 0x0,
    0x0, 0x3f, 0xff, 0x20, 0x0, 0x0, 0x7, 0xff,
    0xe0, 0x0, 0x0, 0x0, 0xbf, 0xf9, 0x0, 0x0,
    0x0, 0xf, 0xff, 0x50, 0x0, 0x0, 0x3, 0xff,
    0xf1, 0x0, 0x0, 0x0, 0x8f, 0xfd, 0x0, 0x0,
    0x0, 0xc, 0xff, 0x90, 0x0, 0x0, 0x0, 0xff,
    0xf5, 0x0, 0x0, 0x0, 0x4f, 0xff, 0x10, 0x0,
    0x0, 0x8, 0xff, 0xc0, 0x0, 0x0, 0x0, 0xcf,
    0xf8, 0x0, 0x0, 0x0, 0x1f, 0xff, 0x40, 0x0,
    0x0, 0x5, 0xff, 0xf0, 0x0, 0x0, 0x0, 0x9f,
    0xfc, 0x0, 0x0, 0x0, 0xd, 0xff, 0x70, 0x0,
    0x0, 0x1, 0xff, 0xf3, 0x0, 0x0, 0x0, 0x5f,
    0xff, 0x0, 0x0, 0x0, 0x0,

    /* U+0030 "0" */
    0x0, 0x0, 0x4, 0xad, 0xff, 0xd9, 0x30, 0x0,
    0x0, 0x0, 0x1, 0xbf, 0xff, 0xff, 0xff, 0xf9,
    0x0, 0x0, 0x0, 0x1d, 0xff, 0xff, 0xff, 0xff,
    0xff, 0xa0, 0x0, 0x0, 0xaf, 0xff, 0xfa, 0x66,
    0xbf, 0xff, 0xf6, 0x0, 0x3, 0xff, 0xff, 0x40,
    0x0, 0x7, 0xff, 0xfe, 0x0, 0x9, 0xff, 0xf9,
    0x0, 0x0, 0x0, 0xcf, 0xff, 0x60, 0xe, 0xff,
    0xf1, 0x0, 0x0, 0x0, 0x5f, 0xff, 0xb0, 0x2f,
    0xff, 0xd0, 0x0, 0x0, 0x0, 0xf, 0xff, 0xe0,
    0x5f, 0xff, 0xa0, 0x0, 0x0, 0x0, 0xd, 0xff,
    0xf1, 0x6f, 0xff, 0x80, 0x0, 0x0, 0x0, 0xb,
    0xff, 0xf3, 0x7f, 0xff, 0x70, 0x0, 0x0, 0x0,
    0xa, 0xff, 0xf4, 0x7f, 0xff, 0x70, 0x0, 0x0,
    0x0, 0xa, 0xff, 0xf4, 0x6f, 0xff, 0x80, 0x0,
    0x0, 0x0, 0xb, 0xff, 0xf3, 0x5f, 0xff, 0xa0,
    0x0, 0x0, 0x0, 0xd, 0xff, 0xf1, 0x2f, 0xff,
    0xc0, 0x0, 0x0, 0x0, 0xf, 0xff, 0xf0, 0xf,
    0xff, 0xf1, 0x0, 0x0, 0x0, 0x4f, 0xff, 0xb0,
    0xa, 0xff, 0xf8, 0x0, 0x0, 0x0, 0xcf, 0xff,
    0x60, 0x3, 0xff, 0xff, 0x40, 0x0, 0x7, 0xff,
    0xff, 0x10, 0x0, 0xaf, 0xff, 0xfa, 0x66, 0xbf,
    0xff, 0xf7, 0x0, 0x0, 0x1d, 0xff, 0xff, 0xff,
    0xff, 0xff, 0xb0, 0x0, 0x0, 0x1, 0xbf, 0xff,
    0xff, 0xff, 0xf9, 0x0, 0x0, 0x0, 0x0, 0x4,
    0xad, 0xff, 0xd9, 0x30, 0x0, 0x0,

    /* U+0031 "1" */
    0x0, 0x0, 0x8f, 0xff, 0xf8, 0x0, 0x2c, 0xff,
    0xff, 0xf8, 0x5, 0xff, 0xff, 0xff, 0xf8, 0x7f,
    0xff, 0xfc, 0xff, 0xf8, 0xaf, 0xfe, 0x36, 0xff,
    0xf8, 0xaf, 0xa1, 0x6, 0xff, 0xf8, 0x96, 0x0,
    0x6, 0xff, 0xf8, 0x0, 0x0, 0x6, 0xff, 0xf8,
    0x0, 0x0, 0x6, 0xff, 0xf8, 0x0, 0x0, 0x6,
    0xff, 0xf8, 0x0, 0x0, 0x6, 0xff, 0xf8, 0x0,
    0x0, 0x6, 0xff, 0xf8, 0x0, 0x0, 0x6, 0xff,
    0xf8, 0x0, 0x0, 0x6, 0xff, 0xf8, 0x0, 0x0,
    0x6, 0xff, 0xf8, 0x0, 0x0, 0x6, 0xff, 0xf8,
    0x0, 0x0, 0x6, 0xff, 0xf8, 0x0, 0x0, 0x6,
    0xff, 0xf8, 0x0, 0x0, 0x6, 0xff, 0xf8, 0x0,
    0x0, 0x6, 0xff, 0xf8, 0x0, 0x0, 0x6, 0xff,
    0xf8, 0x0, 0x0, 0x6, 0xff, 0xf8,

    /* U+0032 "2" */
    0x0, 0x0, 0x28, 0xce, 0xfd, 0xb5, 0x0, 0x0,
    0x0, 0x8, 0xff, 0xff, 0xff, 0xff, 0xd3, 0x0,
    0x0, 0x9f, 0xff, 0xff, 0xff, 0xff, 0xff, 0x30,
    0x5, 0xff, 0xff, 0xa6, 0x58, 0xef, 0xff, 0xd0,
    0xb, 0xff, 0xf6, 0x0, 0x0, 0x1d, 0xff, 0xf4,
    0xf, 0xff, 0xd0, 0x0, 0x0, 0x6, 0xff, 0xf7,
    0x1d, 0xdd, 0x80, 0x0, 0x0, 0x3, 0xff, 0xf8,
    0x0, 0x0, 0x0, 0x0, 0x0, 0x5, 0xff, 0xf6,
    0x0, 0x0, 0x0, 0x0, 0x0, 0xb, 0xff, 0xf2,
    0x0, 0x0, 0x0, 0x0, 0x0, 0x6f, 0xff, 0xa0,
    0x0, 0x0, 0x0, 0x0, 0x4, 0xff, 0xfe, 0x10,
    0x0, 0x0, 0x0, 0x0, 0x3f, 0xff, 0xf4, 0x0,
    0x0, 0x0, 0x0, 0x3, 0xff, 0xff, 0x50, 0x0,
    0x0, 0x0, 0x0, 0x4f, 0xff, 0xf6, 0x0, 0x0,
    0x0, 0x0, 0x4, 0xff, 0xff, 0x60, 0x0, 0x0,
    0x0, 0x0, 0x5f, 0xff, 0xf6, 0x0, 0x0, 0x0,
    0x0, 0x5, 0xff, 0xff, 0x70, 0x0, 0x0, 0x0,
    0x0, 0x5f, 0xff, 0xf7, 0x0, 0x0, 0x0, 0x0,
    0x6, 0xff, 0xff, 0xc6, 0x66, 0x66, 0x66, 0x66,
    0xf, 0xff, 0xff, 0xff, 0xff, 0xff, 0xff, 0xfe,
    0xf, 0xff, 0xff, 0xff, 0xff, 0xff, 0xff, 0xfe,
    0xf, 0xff, 0xff, 0xff, 0xff, 0xff, 0xff, 0xfe,

    /* U+0033 "3" */
    0x0, 0x0, 0x17, 0xce, 0xfe, 0xc8, 0x20, 0x0,
    0x0, 0x0, 0x7f, 0xff, 0xff, 0xff, 0xff, 0x80,
    0x0, 0x0, 0x9f, 0xff, 0xff, 0xff, 0xff, 0xff,
    0x80, 0x0, 0x4f, 0xff, 0xfc, 0x65, 0x6b, 0xff,
    0xff, 0x30, 0xb, 0xff, 0xf6, 0x0, 0x0, 0x9,
    0xff, 0xf9, 0x0, 0xdf, 0xfd, 0x0, 0x0, 0x0,
    0x2f, 0xff, 0xb0, 0x0, 0x0, 0x0, 0x0, 0x0,
    0x1, 0xff, 0xfb, 0x0, 0x0, 0x0, 0x0, 0x0,
    0x0, 0x8f, 0xff, 0x60, 0x0, 0x0, 0x0, 0x11,
    0x24, 0xaf, 0xff, 0xc0, 0x0, 0x0, 0x0, 0xc,
    0xff, 0xff, 0xff, 0x90, 0x0, 0x0, 0x0, 0x0,
    0xcf, 0xff, 0xff, 0x72, 0x0, 0x0, 0x0, 0x0,
    0xc, 0xff, 0xff, 0xff, 0xf9, 0x0, 0x0, 0x0,
    0x0, 0x0, 0x2, 0x8f, 0xff, 0xf9, 0x0, 0x0,
    0x0, 0x0, 0x0, 0x0, 0x2f, 0xff, 0xf2, 0x0,
    0x0, 0x0, 0x0, 0x0, 0x0, 0x9f, 0xff, 0x71,
    0x44, 0x42, 0x0, 0x0, 0x0, 0x7, 0xff, 0xf8,
    0x4f, 0xff, 0xb0, 0x0, 0x0, 0x0, 0xaf, 0xff,
    0x71, 0xff, 0xff, 0x50, 0x0, 0x0, 0x6f, 0xff,
    0xf3, 0x9, 0xff, 0xff, 0xc7, 0x67, 0xcf, 0xff,
    0xfc, 0x0, 0x1c, 0xff, 0xff, 0xff, 0xff, 0xff,
    0xfd, 0x10, 0x0, 0x1a, 0xff, 0xff, 0xff, 0xff,
    0xfb, 0x10, 0x0, 0x0, 0x3, 0x8c, 0xef, 0xec,
    0x83, 0x0, 0x0,

    /* U+0034 "4" */
    0x0, 0x0, 0x0, 0x0, 0x7, 0xff, 0xff, 0xb0,
    0x0, 0x0, 0x0, 0x0, 0x0, 0x2f, 0xff, 0xff,
    0xb0, 0x0, 0x0, 0x0, 0x0, 0x0, 0xbf, 0xff,
    0xff, 0xb0, 0x0, 0x0, 0x0, 0x0, 0x5, 0xff,
    0xff, 0xff, 0xb0, 0x0, 0x0, 0x0, 0x0, 0x1e,
    0xff, 0xdf, 0xff, 0xb0, 0x0, 0x0, 0x0, 0x0,
    0x9f, 0xff, 0x3f, 0xff, 0xb0, 0x0, 0x0, 0x0,
    0x3, 0xff, 0xf9, 0xf, 0xff, 0xb0, 0x0, 0x0,
    0x0, 0xd, 0xff, 0xe1, 0xf, 0xff, 0xb0, 0x0,
    0x0, 0x0, 0x7f, 0xff, 0x60, 0xf, 0xff, 0xb0,
    0x0, 0x0, 0x2, 0xff, 0xfc, 0x0, 0xf, 0xff,
    0xb0, 0x0, 0x0, 0xb, 0xff, 0xf2, 0x0, 0xf,
    0xff, 0xb0, 0x0, 0x0, 0x5f, 0xff, 0x80, 0x0,
    0xf, 0xff, 0xb0, 0x0, 0x1, 0xef, 0xfd, 0x0,
    0x0, 0xf, 0xff, 0xb0, 0x0, 0xa, 0xff, 0xf4,
    0x0, 0x0, 0xf, 0xff, 0xb0, 0x0, 0x3f, 0xff,
    0xd5, 0x55, 0x55, 0x5f, 0xff, 0xc5, 0x52, 0x7f,
    0xff, 0xff, 0xff, 0xff, 0xff, 0xff, 0xff, 0xf8,
    0x7f, 0xff, 0xff, 0xff, 0xff, 0xff, 0xff, 0xff,
    0xf8, 0x7f, 0xff, 0xff, 0xff, 0xff, 0xff, 0xff,
    0xff, 0xf8, 0x0, 0x0, 0x0, 0x0, 0x0, 0xf,
    0xff, 0xb0, 0x0, 0x0, 0x0, 0x0, 0x0, 0x0,
    0xf, 0xff, 0xb0, 0x0, 0x0, 0x0, 0x0, 0x0,
    0x0, 0xf, 0xff, 0xb0, 0x0, 0x0, 0x0, 0x0,
    0x0, 0x0, 0xf, 0xff, 0xb0, 0x0,

    /* U+0035 "5" */
    0x0, 0xff, 0xff, 0xff, 0xff, 0xff, 0xff, 0xb0,
    0x1, 0xff, 0xff, 0xff, 0xff, 0xff, 0xff, 0xb0,
    0x2, 0xff, 0xff, 0xff, 0xff, 0xff, 0xff, 0xb0,
    0x4, 0xff, 0xf8, 0x55, 0x55, 0x55, 0x55, 0x40,
    0x6, 0xff, 0xf3, 0x0, 0x0, 0x0, 0x0, 0x0,
    0x7, 0xff, 0xf1, 0x0, 0x0, 0x0, 0x0, 0x0,
    0x9, 0xff, 0xf0, 0x0, 0x0, 0x0, 0x0, 0x0,
    0xb, 0xff, 0xd0, 0x7c, 0xfe, 0xc7, 0x10, 0x0,
    0xc, 0xff, 0xdd, 0xff, 0xff, 0xff, 0xe4, 0x0,
    0xe, 0xff, 0xff, 0xff, 0xff, 0xff, 0xff, 0x30,
    0xf, 0xff, 0xfc, 0x52, 0x26, 0xef, 0xff, 0xd0,
    0x0, 0x25, 0x50, 0x0, 0x0, 0x1e, 0xff, 0xf5,
    0x0, 0x0, 0x0, 0x0, 0x0, 0x5, 0xff, 0xfa,
    0x0, 0x0, 0x0, 0x0, 0x0, 0x0, 0xff, 0xfc,
    0x0, 0x0, 0x0, 0x0, 0x0, 0x0, 0xff, 0xfd,
    0x25, 0x55, 0x20, 0x0, 0x0, 0x0, 0xff, 0xfb,
    0x5f, 0xff, 0x90, 0x0, 0x0, 0x6, 0xff, 0xf9,
    0x1f, 0xff, 0xf3, 0x0, 0x0, 0x2e, 0xff, 0xf3,
    0xa, 0xff, 0xff, 0x95, 0x48, 0xff, 0xff, 0xb0,
    0x1, 0xdf, 0xff, 0xff, 0xff, 0xff, 0xfd, 0x10,
    0x0, 0x1b, 0xff, 0xff, 0xff, 0xff, 0xb1, 0x0,
    0x0, 0x0, 0x49, 0xdf, 0xfd, 0xa4, 0x0, 0x0,

    /* U+0036 "6" */
    0x0, 0x0, 0x3, 0x9d, 0xff, 0xda, 0x40, 0x0,
    0x0, 0x0, 0x9, 0xff, 0xff, 0xff, 0xff, 0xb1,
    0x0, 0x0, 0xa, 0xff, 0xff, 0xff, 0xff, 0xff,
    0xd1, 0x0, 0x7, 0xff, 0xff, 0xc8, 0x8b, 0xff,
    0xff, 0xa0, 0x1, 0xff, 0xff, 0x40, 0x0, 0x3,
    0xff, 0xff, 0x20, 0x7f, 0xff, 0x60, 0x0, 0x0,
    0x6, 0xbb, 0xb4, 0xd, 0xff, 0xe0, 0x0, 0x0,
    0x0, 0x0, 0x0, 0x1, 0xff, 0xf9, 0x1, 0x7d,
    0xfe, 0xc6, 0x0, 0x0, 0x4f, 0xff, 0x64, 0xef,
    0xff, 0xff, 0xfd, 0x20, 0x6, 0xff, 0xf7, 0xff,
    0xff, 0xff, 0xff, 0xfe, 0x10, 0x7f, 0xff, 0xff,
    0xd5, 0x22, 0x7f, 0xff, 0xfb, 0x7, 0xff, 0xff,
    0xc0, 0x0, 0x0, 0x3f, 0xff, 0xf2, 0x6f, 0xff,
    0xf3, 0x0, 0x0, 0x0, 0x8f, 0xff, 0x75, 0xff,
    0xfd, 0x0, 0x0, 0x0, 0x3, 0xff, 0xf9, 0x4f,
    0xff, 0xc0, 0x0, 0x0, 0x0, 0x2f, 0xff, 0xa0,
    0xff, 0xfe, 0x0, 0x0, 0x0, 0x4, 0xff, 0xf8,
    0xc, 0xff, 0xf4, 0x0, 0x0, 0x0, 0xaf, 0xff,
    0x60, 0x5f, 0xff, 0xe1, 0x0, 0x0, 0x5f, 0xff,
    0xf0, 0x0, 0xdf, 0xff, 0xe8, 0x45, 0xaf, 0xff,
    0xf8, 0x0, 0x2, 0xef, 0xff, 0xff, 0xff, 0xff,
    0xfb, 0x0, 0x0, 0x2, 0xdf, 0xff, 0xff, 0xff,
    0xf9, 0x0, 0x0, 0x0, 0x0, 0x5a, 0xef, 0xed,
    0x92, 0x0, 0x0,

    /* U+0037 "7" */
    0xcf, 0xff, 0xff, 0xff, 0xff, 0xff, 0xff, 0xf1,
    0xcf, 0xff, 0xff, 0xff, 0xff, 0xff, 0xff, 0xf1,
    0xcf, 0xff, 0xff, 0xff, 0xff, 0xff, 0xff, 0xf1,
    0x57, 0x77, 0x77, 0x77, 0x77, 0x8f, 0xff, 0xf0,
    0x0, 0x0, 0x0, 0x0, 0x0, 0x8f, 0xff, 0x80,
    0x0, 0x0, 0x0, 0x0, 0x1, 0xff, 0xff, 0x10,
    0x0, 0x0, 0x0, 0x0, 0x8, 0xff, 0xf8, 0x0,
    0x0, 0x0, 0x0, 0x0, 0x1f, 0xff, 0xf1, 0x0,
    0x0, 0x0, 0x0, 0x0, 0x8f, 0xff, 0x80, 0x0,
    0x0, 0x0, 0x0, 0x1, 0xff, 0xff, 0x10, 0x0,
    0x0, 0x0, 0x0, 0x8, 0xff, 0xf8, 0x0, 0x0,
    0x0, 0x0, 0x0, 0x1f, 0xff, 0xf1, 0x0, 0x0,
    0x0, 0x0, 0x0, 0x8f, 0xff, 0x80, 0x0, 0x0,
    0x0, 0x0, 0x1, 0xff, 0xff, 0x10, 0x0, 0x0,
    0x0, 0x0, 0x8, 0xff, 0xf8, 0x0, 0x0, 0x0,
    0x0, 0x0, 0x1f, 0xff, 0xf1, 0x0, 0x0, 0x0,
    0x0, 0x0, 0x8f, 0xff, 0x80, 0x0, 0x0, 0x0,
    0x0, 0x1, 0xff, 0xff, 0x10, 0x0, 0x0, 0x0,
    0x0, 0x8, 0xff, 0xf8, 0x0, 0x0, 0x0, 0x0,
    0x0, 0x1f, 0xff, 0xf1, 0x0, 0x0, 0x0, 0x0,
    0x0, 0x8f, 0xff, 0x80, 0x0, 0x0, 0x0, 0x0,
    0x1, 0xff, 0xff, 0x10, 0x0, 0x0, 0x0, 0x0,

    /* U+0038 "8" */
    0x0, 0x0, 0x17, 0xce, 0xfe, 0xc8, 0x20, 0x0,
    0x0, 0x0, 0x7f, 0xff, 0xff, 0xff, 0xff, 0x90,
    0x0, 0x0, 0x8f, 0xff, 0xff, 0xff, 0xff, 0xff,
    0xb0, 0x0, 0x2f, 0xff, 0xfb, 0x53, 0x4a, 0xff,
    0xff, 0x50, 0x8, 0xff, 0xfa, 0x0, 0x0, 0x7,
    0xff, 0xfb, 0x0, 0xaf, 0xff, 0x30, 0x0, 0x0,
    0xf, 0xff, 0xd0, 0x9, 0xff, 0xf3, 0x0, 0x0,
    0x0, 0xff, 0xfc, 0x0, 0x4f, 0xff, 0x90, 0x0,
    0x0, 0x6f, 0xff, 0x70, 0x0, 0xbf, 0xff, 0xa3,
    0x12, 0x8f, 0xff, 0xd0, 0x0, 0x0, 0x9f, 0xff,
    0xff, 0xff, 0xff, 0xa1, 0x0, 0x0, 0x1, 0x8f,
    0xff, 0xff, 0xff, 0xa2, 0x0, 0x0, 0x6, 0xff,
    0xff, 0xff, 0xff, 0xff, 0xf8, 0x0, 0x5, 0xff,
    0xff, 0x82, 0x2, 0x6e, 0xff, 0xf8, 0x0, 0xef,
    0xff, 0x30, 0x0, 0x0, 0x2e, 0xff, 0xf2, 0x4f,
    0xff, 0xb0, 0x0, 0x0, 0x0, 0x8f, 0xff, 0x87,
    0xff, 0xf8, 0x0, 0x0, 0x0, 0x5, 0xff, 0xfa,
    0x6f, 0xff, 0xa0, 0x0, 0x0, 0x0, 0x7f, 0xff,
    0xa3, 0xff, 0xff, 0x30, 0x0, 0x0, 0x1e, 0xff,
    0xf6, 0xc, 0xff, 0xff, 0x83, 0x23, 0x7e, 0xff,
    0xfe, 0x0, 0x1d, 0xff, 0xff, 0xff, 0xff, 0xff,
    0xff, 0x30, 0x0, 0x1a, 0xff, 0xff, 0xff, 0xff,
    0xfc, 0x30, 0x0, 0x0, 0x3, 0x8c, 0xef, 0xed,
    0x94, 0x0, 0x0,

    /* U+0039 "9" */
    0x0, 0x0, 0x28, 0xce, 0xfe, 0xb6, 0x0, 0x0,
    0x0, 0x0, 0x8f, 0xff, 0xff, 0xff, 0xfe, 0x30,
    0x0, 0x0, 0xaf, 0xff, 0xff, 0xff, 0xff, 0xff,
    0x40, 0x0, 0x7f, 0xff, 0xfb, 0x65, 0x7d, 0xff,
    0xfe, 0x10, 0xe, 0xff, 0xf7, 0x0, 0x0, 0xa,
    0xff, 0xf8, 0x4, 0xff, 0xfb, 0x0, 0x0, 0x0,
    0xe, 0xff, 0xf0, 0x6f, 0xff, 0x60, 0x0, 0x0,
    0x0, 0x9f, 0xff, 0x37, 0xff, 0xf5, 0x0, 0x0,
    0x0, 0x9, 0xff, 0xf7, 0x5f, 0xff, 0x90, 0x0,
    0x0, 0x0, 0xdf, 0xff, 0x91, 0xff, 0xff, 0x30,
    0x0, 0x0, 0x8f, 0xff, 0xfa, 0xa, 0xff, 0xff,
    0x72, 0x14, 0xaf, 0xff, 0xff, 0xa0, 0x1e, 0xff,
    0xff, 0xff, 0xff, 0xf6, 0xff, 0xfa, 0x0, 0x2d,
    0xff, 0xff, 0xff, 0xf6, 0x3f, 0xff, 0x90, 0x0,
    0x6, 0xce, 0xfd, 0x92, 0x5, 0xff, 0xf7, 0x0,
    0x0, 0x0, 0x0, 0x0, 0x0, 0x8f, 0xff, 0x41,
    0x55, 0x53, 0x0, 0x0, 0x0, 0xd, 0xff, 0xf0,
    0x1f, 0xff, 0xe0, 0x0, 0x0, 0x5, 0xff, 0xfa,
    0x0, 0xcf, 0xff, 0x90, 0x0, 0x4, 0xff, 0xff,
    0x30, 0x4, 0xff, 0xff, 0xd9, 0x8b, 0xff, 0xff,
    0xa0, 0x0, 0x9, 0xff, 0xff, 0xff, 0xff, 0xff,
    0xd0, 0x0, 0x0, 0x7, 0xff, 0xff, 0xff, 0xff,
    0xb1, 0x0, 0x0, 0x0, 0x2, 0x8d, 0xef, 0xea,
    0x40, 0x0, 0x0,

    /* U+003A ":" */
    0x8, 0xed, 0x30, 0x5f, 0xff, 0xe0, 0x8f, 0xff,
    0xf1, 0x4f, 0xff, 0xd0, 0x5, 0xba, 0x10, 0x0,
    0x0, 0x0, 0x0, 0x0, 0x0, 0x0, 0x0, 0x0,
    0x0, 0x0, 0x0, 0x0, 0x0, 0x0, 0x0, 0x0,
    0x0, 0x5, 0xb9, 0x10, 0x4f, 0xff, 0xd0, 0x8f,
    0xff, 0xf1, 0x5f, 0xff, 0xe0, 0x9, 0xfd, 0x30,

    /* U+003B ";" */
    0x0, 0x2a, 0xb4, 0x0, 0xe, 0xff, 0xf2, 0x3,
    0xff, 0xff, 0x60, 0x1f, 0xff, 0xf3, 0x0, 0x5e,
    0xe7, 0x0, 0x0, 0x0, 0x0, 0x0, 0x0, 0x0,
    0x0, 0x0, 0x0, 0x0, 0x0, 0x0, 0x0, 0x0,
    0x0, 0x0, 0x0, 0x0, 0x0, 0x0, 0x0, 0x0,
    0x0, 0x0, 0x0, 0x1, 0x10, 0x0, 0xf, 0xff,
    0xd0, 0x2, 0xff, 0xf9, 0x0, 0x4f, 0xff, 0x40,
    0x6, 0xff, 0xf0, 0x0, 0x8f, 0xfb, 0x0, 0xb,
    0xff, 0x70, 0x0, 0xdf, 0xf2, 0x0, 0xf, 0xfe,
    0x0, 0x2, 0xff, 0x90, 0x0,

    /* U+003C "<" */
    0x0, 0x0, 0x0, 0x0, 0x0, 0x0, 0x0, 0x10,
    0x0, 0x0, 0x0, 0x0, 0x0, 0x0, 0x29, 0xf0,
    0x0, 0x0, 0x0, 0x0, 0x0, 0x3a, 0xff, 0xf0,
    0x0, 0x0, 0x0, 0x0, 0x3b, 0xff, 0xff, 0xf0,
    0x0, 0x0, 0x0, 0x4c, 0xff, 0xff, 0xff, 0xc0,
    0x0, 0x0, 0x5c, 0xff, 0xff, 0xff, 0xa3, 0x0,
    0x0, 0x6d, 0xff, 0xff, 0xfe, 0x81, 0x0, 0x0,
    0x4e, 0xff, 0xff, 0xfd, 0x60, 0x0, 0x0, 0x0,
    0x8f, 0xff, 0xfb, 0x40, 0x0, 0x0, 0x0, 0x0,
    0x8f, 0xff, 0xf7, 0x0, 0x0, 0x0, 0x0, 0x0,
    0x6f, 0xff, 0xff, 0xf9, 0x20, 0x0, 0x0, 0x0,
    0x2, 0xaf, 0xff, 0xff, 0xfb, 0x30, 0x0, 0x0,
    0x0, 0x2, 0x9f, 0xff, 0xff, 0xfc, 0x50, 0x0,
    0x0, 0x0, 0x1, 0x8f, 0xff, 0xff, 0xfe, 0x70,
    0x0, 0x0, 0x0, 0x1, 0x7e, 0xff, 0xff, 0xf0,
    0x0, 0x0, 0x0, 0x0, 0x0, 0x7e, 0xff, 0xf0,
    0x0, 0x0, 0x0, 0x0, 0x0, 0x0, 0x6d, 0xf0,
    0x0, 0x0, 0x0, 0x0, 0x0, 0x0, 0x0, 0x50,

    /* U+003D "=" */
    0x55, 0x55, 0x55, 0x55, 0x55, 0x55, 0x55, 0xf,
    0xff, 0xff, 0xff, 0xff, 0xff, 0xff, 0xf2, 0xff,
    0xff, 0xff, 0xff, 0xff, 0xff, 0xff, 0x2f, 0xff,
    0xff, 0xff, 0xff, 0xff, 0xff, 0xf2, 0x0, 0x0,
    0x0, 0x0, 0x0, 0x0, 0x0, 0x0, 0x0, 0x0,
    0x0, 0x0, 0x0, 0x0, 0x0, 0x0, 0x0, 0x0,
    0x0, 0x0, 0x0, 0x0, 0x5, 0x66, 0x66, 0x66,
    0x66, 0x66, 0x66, 0x61, 0xff, 0xff, 0xff, 0xff,
    0xff, 0xff, 0xff, 0x2f, 0xff, 0xff, 0xff, 0xff,
    0xff, 0xff, 0xf2, 0xff, 0xff, 0xff, 0xff, 0xff,
    0xff, 0xff, 0x20,

    /* U+003E ">" */
    0x10, 0x0, 0x0, 0x0, 0x0, 0x0, 0x0, 0xd,
    0xb3, 0x0, 0x0, 0x0, 0x0, 0x0, 0x0, 0xdf,
    0xfc, 0x40, 0x0, 0x0, 0x0, 0x0, 0xd, 0xff,
    0xff, 0xc5, 0x0, 0x0, 0x0, 0x0, 0x9f, 0xff,
    0xff, 0xfd, 0x60, 0x0, 0x0, 0x0, 0x28, 0xff,
    0xff, 0xff, 0xe6, 0x0, 0x0, 0x0, 0x0, 0x6d,
    0xff, 0xff, 0xfe, 0x70, 0x0, 0x0, 0x0, 0x5,
    0xcf, 0xff, 0xff, 0xe6, 0x0, 0x0, 0x0, 0x0,
    0x3a, 0xff, 0xff, 0xb0, 0x0, 0x0, 0x0, 0x0,
    0x5d, 0xff, 0xfb, 0x0, 0x0, 0x0, 0x17, 0xef,
    0xff, 0xff, 0x90, 0x0, 0x2, 0x9f, 0xff, 0xff,
    0xfb, 0x30, 0x0, 0x4b, 0xff, 0xff, 0xff, 0xa3,
    0x0, 0x5, 0xdf, 0xff, 0xff, 0xfa, 0x20, 0x0,
    0x0, 0xdf, 0xff, 0xff, 0x91, 0x0, 0x0, 0x0,
    0xd, 0xff, 0xf8, 0x10, 0x0, 0x0, 0x0, 0x0,
    0xde, 0x71, 0x0, 0x0, 0x0, 0x0, 0x0, 0x5,
    0x0, 0x0, 0x0, 0x0, 0x0, 0x0, 0x0,

    /* U+003F "?" */
    0x0, 0x3, 0x9d, 0xff, 0xda, 0x40, 0x0, 0x0,
    0x9f, 0xff, 0xff, 0xff, 0xfb, 0x10, 0xa, 0xff,
    0xff, 0xff, 0xff, 0xff, 0xc0, 0x3f, 0xff, 0xf9,
    0x44, 0x9f, 0xff, 0xf5, 0x9f, 0xff, 0x70, 0x0,
    0x8, 0xff, 0xfb, 0xbf, 0xff, 0x0, 0x0, 0x2,
    0xff, 0xfd, 0x1, 0x10, 0x0, 0x0, 0x2, 0xff,
    0xfc, 0x0, 0x0, 0x0, 0x0, 0x9, 0xff, 0xf8,
    0x0, 0x0, 0x0, 0x0, 0x8f, 0xff, 0xf2, 0x0,
    0x0, 0x0, 0x2c, 0xff, 0xff, 0x50, 0x0, 0x0,
    0x3, 0xff, 0xff, 0xd3, 0x0, 0x0, 0x0, 0xc,
    0xff, 0xf9, 0x0, 0x0, 0x0, 0x0, 0x1f, 0xff,
    0xb0, 0x0, 0x0, 0x0, 0x0, 0x3f, 0xff, 0x50,
    0x0, 0x0, 0x0, 0x0, 0x4f, 0xff, 0x30, 0x0,
    0x0, 0x0, 0x0, 0x1, 0x11, 0x0, 0x0, 0x0,
    0x0, 0x0, 0x0, 0x0, 0x0, 0x0, 0x0, 0x0,
    0x0, 0x7, 0xa7, 0x0, 0x0, 0x0, 0x0, 0x0,
    0xaf, 0xff, 0x80, 0x0, 0x0, 0x0, 0x0, 0xef,
    0xff, 0xc0, 0x0, 0x0, 0x0, 0x0, 0xcf, 0xff,
    0xa0, 0x0, 0x0, 0x0, 0x0, 0x2c, 0xfb, 0x10,
    0x0, 0x0,

    /* U+0040 "@" */
    0x0, 0x0, 0x0, 0x0, 0x5, 0x9c, 0xef, 0xfe,
    0xca, 0x61, 0x0, 0x0, 0x0, 0x0, 0x0, 0x0,
    0x0, 0x19, 0xff, 0xff, 0xff, 0xff, 0xff, 0xff,
    0xa2, 0x0, 0x0, 0x0, 0x0, 0x0, 0x5, 0xef,
    0xff, 0xff, 0xff, 0xff, 0xff, 0xff, 0xff, 0x70,
    0x0, 0x0, 0x0, 0x0, 0x8f, 0xff, 0xfe, 0x95,
    0x21, 0x0, 0x25, 0xaf, 0xff, 0xfa, 0x0, 0x0,
    0x0, 0x7, 0xff, 0xff, 0x60, 0x0, 0x0, 0x0,
    0x0, 0x1, 0xbf, 0xff, 0x90, 0x0, 0x0, 0x3f,
    0xff, 0xe2, 0x0, 0x0, 0x0, 0x0, 0x0, 0x0,
    0x8, 0xff, 0xf5, 0x0, 0x0, 0xcf, 0xff, 0x20,
    0x0, 0x2a, 0xef, 0xe9, 0x15, 0xaa, 0x20, 0xaf,
    0xfe, 0x0, 0x3, 0xff, 0xf6, 0x0, 0x5, 0xff,
    0xff, 0xff, 0xea, 0xff, 0x40, 0x1e, 0xff, 0x60,
    0xa, 0xff, 0xe0, 0x0, 0x3f, 0xff, 0xff, 0xff,
    0xff, 0xff, 0x40, 0x8, 0xff, 0xc0, 0xe, 0xff,
    0x70, 0x0, 0xcf, 0xfd, 0x41, 0x27, 0xff, 0xff,
    0x40, 0x3, 0xff, 0xf0, 0x2f, 0xff, 0x30, 0x3,
    0xff, 0xf1, 0x0, 0x0, 0x5f, 0xff, 0x40, 0x0,
    0xef, 0xf4, 0x4f, 0xff, 0x0, 0x8, 0xff, 0x90,
    0x0, 0x0, 0xe, 0xff, 0x40, 0x0, 0xcf, 0xf5,
    0x6f, 0xfe, 0x0, 0xa, 0xff, 0x40, 0x0, 0x0,
    0xb, 0xff, 0x40, 0x0, 0xbf, 0xf6, 0x7f, 0xfd,
    0x0, 0xc, 0xff, 0x30, 0x0, 0x0, 0xa, 0xff,
    0x40, 0x0, 0xbf, 0xf7, 0x7f, 0xfd, 0x0, 0xc,
    0xff, 0x30, 0x0, 0x0, 0xa, 0xff, 0x40, 0x0,
    0xbf, 0xf6, 0x6f, 0xfe, 0x0, 0xa, 0xff, 0x40,
    0x0, 0x0, 0xb, 0xff, 0x40, 0x0, 0xcf, 0xf4,
    0x5f, 0xff, 0x0, 0x8, 0xff, 0x80, 0x0, 0x0,
    0xe, 0xff, 0x40, 0x0, 0xef, 0xf2, 0x2f, 0xff,
    0x30, 0x4, 0xff, 0xe0, 0x0, 0x0, 0x4f, 0xff,
    0x40, 0x2, 0xff, 0xe0, 0xf, 0xff, 0x70, 0x0,
    0xdf, 0xf9, 0x0, 0x2, 0xef, 0xff, 0x80, 0x9,
    0xff, 0x80, 0xb, 0xff, 0xd0, 0x0, 0x5f, 0xff,
    0xeb, 0xcf, 0xfd, 0xff, 0xfb, 0xdf, 0xff, 0x10,
    0x5, 0xff, 0xf5, 0x0, 0x7, 0xff, 0xff, 0xff,
    0xe1, 0xcf, 0xff, 0xff, 0xf5, 0x0, 0x0, 0xdf,
    0xff, 0x20, 0x0, 0x4b, 0xef, 0xd9, 0x10, 0x8,
    0xdf, 0xeb, 0x30, 0x0, 0x0, 0x4f, 0xff, 0xd2,
    0x0, 0x0, 0x0, 0x0, 0x0, 0x0, 0x0, 0x0,
    0x0, 0x0, 0x0, 0x9, 0xff, 0xff, 0x70, 0x0,
    0x0, 0x0, 0x0, 0x0, 0x0, 0x0, 0x0, 0x0,
    0x0, 0x0, 0xaf, 0xff, 0xfe, 0x96, 0x31, 0x1,
    0x24, 0x7b, 0x90, 0x0, 0x0, 0x0, 0x0, 0x0,
    0x7, 0xff, 0xff, 0xff, 0xff, 0xff, 0xff, 0xff,
    0xf1, 0x0, 0x0, 0x0, 0x0, 0x0, 0x0, 0x29,
    0xff, 0xff, 0xff, 0xff, 0xff, 0xff, 0xe3, 0x0,
    0x0, 0x0, 0x0, 0x0, 0x0, 0x0, 0x15, 0x9c,
    0xef, 0xff, 0xeb, 0x84, 0x0, 0x0, 0x0, 0x0,

    /* U+0041 "A" */
    0x0, 0x0, 0x0, 0x0, 0xdf, 0xff, 0xf7, 0x0,
    0x0, 0x0, 0x0, 0x0, 0x0, 0x0, 0x2, 0xff,
    0xff, 0xfd, 0x0, 0x0, 0x0, 0x0, 0x0, 0x0,
    0x0, 0x8, 0xff, 0xff, 0xff, 0x30, 0x0, 0x0,
    0x0, 0x0, 0x0, 0x0, 0xd, 0xff, 0xbf, 0xff,
    0x80, 0x0, 0x0, 0x0, 0x0, 0x0, 0x0, 0x3f,
    0xff, 0x6c, 0xff, 0xe0, 0x0, 0x0, 0x0, 0x0,
    0x0, 0x0, 0x8f, 0xff, 0x18, 0xff, 0xf4, 0x0,
    0x0, 0x0, 0x0, 0x0, 0x0, 0xef, 0xfd, 0x3,
    0xff, 0xf9, 0x0, 0x0, 0x0, 0x0, 0x0, 0x4,
    0xff, 0xf9, 0x0, 0xef, 0xff, 0x0, 0x0, 0x0,
    0x0, 0x0, 0x9, 0xff, 0xf4, 0x0, 0x9f, 0xff,
    0x50, 0x0, 0x0, 0x0, 0x0, 0xe, 0xff, 0xf0,
    0x0, 0x4f, 0xff, 0xa0, 0x0, 0x0, 0x0, 0x0,
    0x4f, 0xff, 0xa0, 0x0, 0xf, 0xff, 0xf0, 0x0,
    0x0, 0x0, 0x0, 0xaf, 0xff, 0x50, 0x0, 0xa,
    0xff, 0xf6, 0x0, 0x0, 0x0, 0x0, 0xff, 0xff,
    0x0, 0x0, 0x4, 0xff, 0xfb, 0x0, 0x0, 0x0,
    0x5, 0xff, 0xff, 0xff, 0xff, 0xff, 0xff, 0xff,
    0x10, 0x0, 0x0, 0xa, 0xff, 0xff, 0xff, 0xff,
    0xff, 0xff, 0xff, 0x70, 0x0, 0x0, 0xf, 0xff,
    0xff, 0xff, 0xff, 0xff, 0xff, 0xff, 0xc0, 0x0,
    0x0, 0x5f, 0xff, 0xb3, 0x33, 0x33, 0x33, 0x3e,
    0xff, 0xf2, 0x0, 0x0, 0xbf, 0xff, 0x60, 0x0,
    0x0, 0x0, 0xa, 0xff, 0xf8, 0x0, 0x1, 0xff,
    0xff, 0x10, 0x0, 0x0, 0x0, 0x5, 0xff, 0xfd,
    0x0, 0x6, 0xff, 0xfc, 0x0, 0x0, 0x0, 0x0,
    0x0, 0xff, 0xff, 0x30, 0xb, 0xff, 0xf7, 0x0,
    0x0, 0x0, 0x0, 0x0, 0xaf, 0xff, 0x90, 0x1f,
    0xff, 0xf2, 0x0, 0x0, 0x0, 0x0, 0x0, 0x5f,
    0xff, 0xe0,

    /* U+0042 "B" */
    0xcf, 0xff, 0xff, 0xff, 0xfe, 0xd9, 0x30, 0x0,
    0xc, 0xff, 0xff, 0xff, 0xff, 0xff, 0xff, 0x90,
    0x0, 0xcf, 0xff, 0xff, 0xff, 0xff, 0xff, 0xff,
    0x90, 0xc, 0xff, 0xf6, 0x55, 0x56, 0x8e, 0xff,
    0xff, 0x20, 0xcf, 0xff, 0x10, 0x0, 0x0, 0x1d,
    0xff, 0xf7, 0xc, 0xff, 0xf1, 0x0, 0x0, 0x0,
    0x7f, 0xff, 0x90, 0xcf, 0xff, 0x10, 0x0, 0x0,
    0x5, 0xff, 0xf7, 0xc, 0xff, 0xf1, 0x0, 0x0,
    0x0, 0xbf, 0xff, 0x30, 0xcf, 0xff, 0x10, 0x0,
    0x2, 0xaf, 0xff, 0x80, 0xc, 0xff, 0xfe, 0xee,
    0xef, 0xff, 0xfd, 0x60, 0x0, 0xcf, 0xff, 0xff,
    0xff, 0xff, 0xfe, 0x82, 0x0, 0xc, 0xff, 0xff,
    0xff, 0xff, 0xff, 0xff, 0xf8, 0x0, 0xcf, 0xff,
    0x10, 0x0, 0x1, 0x7f, 0xff, 0xf6, 0xc, 0xff,
    0xf1, 0x0, 0x0, 0x0, 0x3f, 0xff, 0xe0, 0xcf,
    0xff, 0x10, 0x0, 0x0, 0x0, 0xbf, 0xff, 0x4c,
    0xff, 0xf1, 0x0, 0x0, 0x0, 0x9, 0xff, 0xf6,
    0xcf, 0xff, 0x10, 0x0, 0x0, 0x0, 0xbf, 0xff,
    0x5c, 0xff, 0xf1, 0x0, 0x0, 0x0, 0x4f, 0xff,
    0xf3, 0xcf, 0xff, 0x65, 0x55, 0x56, 0xaf, 0xff,
    0xfd, 0xc, 0xff, 0xff, 0xff, 0xff, 0xff, 0xff,
    0xff, 0x30, 0xcf, 0xff, 0xff, 0xff, 0xff, 0xff,
    0xfe, 0x40, 0xc, 0xff, 0xff, 0xff, 0xff, 0xfd,
    0xb6, 0x10, 0x0,

    /* U+0043 "C" */
    0x0, 0x0, 0x0, 0x39, 0xcf, 0xfe, 0xc8, 0x30,
    0x0, 0x0, 0x0, 0x0, 0x2b, 0xff, 0xff, 0xff,
    0xff, 0xfb, 0x20, 0x0, 0x0, 0x3, 0xff, 0xff,
    0xff, 0xff, 0xff, 0xff, 0xe3, 0x0, 0x0, 0x2f,
    0xff, 0xff, 0xfb, 0x9a, 0xef, 0xff, 0xfe, 0x10,
    0x0, 0xcf, 0xff, 0xf7, 0x0, 0x0, 0x5, 0xef,
    0xff, 0xa0, 0x5, 0xff, 0xff, 0x40, 0x0, 0x0,
    0x0, 0x3f, 0xff, 0xf2, 0xc, 0xff, 0xf7, 0x0,
    0x0, 0x0, 0x0, 0x9, 0xff, 0xf6, 0x1f, 0xff,
    0xf1, 0x0, 0x0, 0x0, 0x0, 0x2, 0x88, 0x85,
    0x4f, 0xff, 0xb0, 0x0, 0x0, 0x0, 0x0, 0x0,
    0x0, 0x0, 0x6f, 0xff, 0x80, 0x0, 0x0, 0x0,
    0x0, 0x0, 0x0, 0x0, 0x7f, 0xff, 0x70, 0x0,
    0x0, 0x0, 0x0, 0x0, 0x0, 0x0, 0x7f, 0xff,
    0x70, 0x0, 0x0, 0x0, 0x0, 0x0, 0x0, 0x0,
    0x6f, 0xff, 0x80, 0x0, 0x0, 0x0, 0x0, 0x0,
    0x0, 0x0, 0x4f, 0xff, 0xb0, 0x0, 0x0, 0x0,
    0x0, 0x0, 0x0, 0x0, 0x1f, 0xff, 0xf0, 0x0,
    0x0, 0x0, 0x0, 0x2, 0x77, 0x75, 0xc, 0xff,
    0xf7, 0x0, 0x0, 0x0, 0x0, 0x8, 0xff, 0xf7,
    0x5, 0xff, 0xff, 0x30, 0x0, 0x0, 0x0, 0x3f,
    0xff, 0xf2, 0x0, 0xdf, 0xff, 0xf6, 0x0, 0x0,
    0x5, 0xef, 0xff, 0xa0, 0x0, 0x2f, 0xff, 0xff,
    0xeb, 0x9a, 0xef, 0xff, 0xfe, 0x10, 0x0, 0x4,
    0xff, 0xff, 0xff, 0xff, 0xff, 0xff, 0xe2, 0x0,
    0x0, 0x0, 0x2b, 0xff, 0xff, 0xff, 0xff, 0xfb,
    0x10, 0x0, 0x0, 0x0, 0x0, 0x39, 0xcf, 0xfe,
    0xc8, 0x30, 0x0, 0x0,

    /* U+0044 "D" */
    0xcf, 0xff, 0xff, 0xff, 0xfd, 0xb6, 0x10, 0x0,
    0x0, 0xc, 0xff, 0xff, 0xff, 0xff, 0xff, 0xff,
    0x80, 0x0, 0x0, 0xcf, 0xff, 0xff, 0xff, 0xff,
    0xff, 0xff, 0xc1, 0x0, 0xc, 0xff, 0xf8, 0x77,
    0x78, 0xbf, 0xff, 0xff, 0xc0, 0x0, 0xcf, 0xff,
    0x10, 0x0, 0x0, 0x7, 0xff, 0xff, 0x80, 0xc,
    0xff, 0xf1, 0x0, 0x0, 0x0, 0x5, 0xff, 0xff,
    0x10, 0xcf, 0xff, 0x10, 0x0, 0x0, 0x0, 0xa,
    0xff, 0xf7, 0xc, 0xff, 0xf1, 0x0, 0x0, 0x0,
    0x0, 0x3f, 0xff, 0xb0, 0xcf, 0xff, 0x10, 0x0,
    0x0, 0x0, 0x0, 0xff, 0xfe, 0xc, 0xff, 0xf1,
    0x0, 0x0, 0x0, 0x0, 0xc, 0xff, 0xf1, 0xcf,
    0xff, 0x10, 0x0, 0x0, 0x0, 0x0, 0xbf, 0xff,
    0x1c, 0xff, 0xf1, 0x0, 0x0, 0x0, 0x0, 0xb,
    0xff, 0xf1, 0xcf, 0xff, 0x10, 0x0, 0x0, 0x0,
    0x0, 0xcf, 0xff, 0xc, 0xff, 0xf1, 0x0, 0x0,
    0x0, 0x0, 0xf, 0xff, 0xe0, 0xcf, 0xff, 0x10,
    0x0, 0x0, 0x0, 0x3, 0xff, 0xfb, 0xc, 0xff,
    0xf1, 0x0, 0x0, 0x0, 0x0, 0xaf, 0xff, 0x70,
    0xcf, 0xff, 0x10, 0x0, 0x0, 0x0, 0x5f, 0xff,
    0xf1, 0xc, 0xff, 0xf1, 0x0, 0x0, 0x0, 0x8f,
    0xff, 0xf8, 0x0, 0xcf, 0xff, 0x87, 0x77, 0x8b,
    0xff, 0xff, 0xfc, 0x0, 0xc, 0xff, 0xff, 0xff,
    0xff, 0xff, 0xff, 0xfc, 0x10, 0x0, 0xcf, 0xff,
    0xff, 0xff, 0xff, 0xff, 0xf8, 0x0, 0x0, 0xc,
    0xff, 0xff, 0xff, 0xff, 0xdb, 0x61, 0x0, 0x0,
    0x0,

    /* U+0045 "E" */
    0xcf, 0xff, 0xff, 0xff, 0xff, 0xff, 0xff, 0x6c,
    0xff, 0xff, 0xff, 0xff, 0xff, 0xff, 0xf6, 0xcf,
    0xff, 0xff, 0xff, 0xff, 0xff, 0xff, 0x6c, 0xff,
    0xf7, 0x66, 0x66, 0x66, 0x66, 0x62, 0xcf, 0xff,
    0x10, 0x0, 0x0, 0x0, 0x0, 0xc, 0xff, 0xf1,
    0x0, 0x0, 0x0, 0x0, 0x0, 0xcf, 0xff, 0x10,
    0x0, 0x0, 0x0, 0x0, 0xc, 0xff, 0xf1, 0x0,
    0x0, 0x0, 0x0, 0x0, 0xcf, 0xff, 0x10, 0x0,
    0x0, 0x0, 0x0, 0xc, 0xff, 0xff, 0xff, 0xff,
    0xff, 0xff, 0x90, 0xcf, 0xff, 0xff, 0xff, 0xff,
    0xff, 0xf9, 0xc, 0xff, 0xff, 0xff, 0xff, 0xff,
    0xff, 0x90, 0xcf, 0xff, 0x65, 0x55, 0x55, 0x55,
    0x53, 0xc, 0xff, 0xf1, 0x0, 0x0, 0x0, 0x0,
    0x0, 0xcf, 0xff, 0x10, 0x0, 0x0, 0x0, 0x0,
    0xc, 0xff, 0xf1, 0x0, 0x0, 0x0, 0x0, 0x0,
    0xcf, 0xff, 0x10, 0x0, 0x0, 0x0, 0x0, 0xc,
    0xff, 0xf1, 0x0, 0x0, 0x0, 0x0, 0x0, 0xcf,
    0xff, 0x76, 0x66, 0x66, 0x66, 0x66, 0x2c, 0xff,
    0xff, 0xff, 0xff, 0xff, 0xff, 0xf7, 0xcf, 0xff,
    0xff, 0xff, 0xff, 0xff, 0xff, 0x7c, 0xff, 0xff,
    0xff, 0xff, 0xff, 0xff, 0xf7,

    /* U+0046 "F" */
    0xcf, 0xff, 0xff, 0xff, 0xff, 0xff, 0xff, 0x2c,
    0xff, 0xff, 0xff, 0xff, 0xff, 0xff, 0xf2, 0xcf,
    0xff, 0xff, 0xff, 0xff, 0xff, 0xff, 0x2c, 0xff,
    0xf7, 0x66, 0x66, 0x66, 0x66, 0x61, 0xcf, 0xff,
    0x10, 0x0, 0x0, 0x0, 0x0, 0xc, 0xff, 0xf1,
    0x0, 0x0, 0x0, 0x0, 0x0, 0xcf, 0xff, 0x10,
    0x0, 0x0, 0x0, 0x0, 0xc, 0xff, 0xf1, 0x0,
    0x0, 0x0, 0x0, 0x0, 0xcf, 0xff, 0x10, 0x0,
    0x0, 0x0, 0x0, 0xc, 0xff, 0xf6, 0x55, 0x55,
    0x55, 0x55, 0x0, 0xcf, 0xff, 0xff, 0xff, 0xff,
    0xff, 0xf3, 0xc, 0xff, 0xff, 0xff, 0xff, 0xff,
    0xff, 0x30, 0xcf, 0xff, 0xff, 0xff, 0xff, 0xff,
    0xf3, 0xc, 0xff, 0xf1, 0x0, 0x0, 0x0, 0x0,
    0x0, 0xcf, 0xff, 0x10, 0x0, 0x0, 0x0, 0x0,
    0xc, 0xff, 0xf1, 0x0, 0x0, 0x0, 0x0, 0x0,
    0xcf, 0xff, 0x10, 0x0, 0x0, 0x0, 0x0, 0xc,
    0xff, 0xf1, 0x0, 0x0, 0x0, 0x0, 0x0, 0xcf,
    0xff, 0x10, 0x0, 0x0, 0x0, 0x0, 0xc, 0xff,
    0xf1, 0x0, 0x0, 0x0, 0x0, 0x0, 0xcf, 0xff,
    0x10, 0x0, 0x0, 0x0, 0x0, 0xc, 0xff, 0xf1,
    0x0, 0x0, 0x0, 0x0, 0x0,

    /* U+0047 "G" */
    0x0, 0x0, 0x0, 0x39, 0xce, 0xfe, 0xc8, 0x30,
    0x0, 0x0, 0x0, 0x0, 0x2b, 0xff, 0xff, 0xff,
    0xff, 0xfb, 0x20, 0x0, 0x0, 0x3, 0xef, 0xff,
    0xff, 0xff, 0xff, 0xff, 0xf4, 0x0, 0x0, 0x2f,
    0xff, 0xff, 0xeb, 0xab, 0xef, 0xff, 0xff, 0x20,
    0x0, 0xcf, 0xff, 0xf7, 0x0, 0x0, 0x5, 0xef,
    0xff, 0xc0, 0x5, 0xff, 0xff, 0x40, 0x0, 0x0,
    0x0, 0x2f, 0xff, 0xf4, 0xc, 0xff, 0xf8, 0x0,
    0x0, 0x0, 0x0, 0x8, 0xff, 0xf8, 0x1f, 0xff,
    0xf1, 0x0, 0x0, 0x0, 0x0, 0x0, 0x0, 0x0,
    0x4f, 0xff, 0xb0, 0x0, 0x0, 0x0, 0x0, 0x0,
    0x0, 0x0, 0x6f, 0xff, 0x90, 0x0, 0x0, 0x0,
    0x0, 0x0, 0x0, 0x0, 0x7f, 0xff, 0x70, 0x0,
    0x0, 0xf, 0xff, 0xff, 0xff, 0xfe, 0x7f, 0xff,
    0x70, 0x0, 0x0, 0xf, 0xff, 0xff, 0xff, 0xfe,
    0x6f, 0xff, 0x80, 0x0, 0x0, 0xf, 0xff, 0xff,
    0xff, 0xfd, 0x4f, 0xff, 0xb0, 0x0, 0x0, 0x2,
    0x22, 0x22, 0xff, 0xfd, 0x1f, 0xff, 0xf0, 0x0,
    0x0, 0x0, 0x0, 0x1, 0xff, 0xfb, 0xc, 0xff,
    0xf7, 0x0, 0x0, 0x0, 0x0, 0x7, 0xff, 0xf8,
    0x6, 0xff, 0xff, 0x30, 0x0, 0x0, 0x0, 0x1e,
    0xff, 0xf3, 0x0, 0xdf, 0xff, 0xf6, 0x0, 0x0,
    0x4, 0xef, 0xff, 0xb0, 0x0, 0x3f, 0xff, 0xff,
    0xfb, 0x9a, 0xdf, 0xff, 0xfe, 0x10, 0x0, 0x4,
    0xff, 0xff, 0xff, 0xff, 0xff, 0xff, 0xe4, 0x0,
    0x0, 0x0, 0x2b, 0xff, 0xff, 0xff, 0xff, 0xfc,
    0x20, 0x0, 0x0, 0x0, 0x0, 0x39, 0xcf, 0xff,
    0xd9, 0x40, 0x0, 0x0,

    /* U+0048 "H" */
    0xcf, 0xff, 0x10, 0x0, 0x0, 0x0, 0x0, 0xbf,
    0xff, 0x2c, 0xff, 0xf1, 0x0, 0x0, 0x0, 0x0,
    0xb, 0xff, 0xf2, 0xcf, 0xff, 0x10, 0x0, 0x0,
    0x0, 0x0, 0xbf, 0xff, 0x2c, 0xff, 0xf1, 0x0,
    0x0, 0x0, 0x0, 0xb, 0xff, 0xf2, 0xcf, 0xff,
    0x10, 0x0, 0x0, 0x0, 0x0, 0xbf, 0xff, 0x2c,
    0xff, 0xf1, 0x0, 0x0, 0x0, 0x0, 0xb, 0xff,
    0xf2, 0xcf, 0xff, 0x10, 0x0, 0x0, 0x0, 0x0,
    0xbf, 0xff, 0x2c, 0xff, 0xf1, 0x0, 0x0, 0x0,
    0x0, 0xb, 0xff, 0xf2, 0xcf, 0xff, 0x10, 0x0,
    0x0, 0x0, 0x0, 0xbf, 0xff, 0x2c, 0xff, 0xff,
    0xff, 0xff, 0xff, 0xff, 0xff, 0xff, 0xf2, 0xcf,
    0xff, 0xff, 0xff, 0xff, 0xff, 0xff, 0xff, 0xff,
    0x2c, 0xff, 0xff, 0xff, 0xff, 0xff, 0xff, 0xff,
    0xff, 0xf2, 0xcf, 0xff, 0x76, 0x66, 0x66, 0x66,
    0x66, 0xdf, 0xff, 0x2c, 0xff, 0xf1, 0x0, 0x0,
    0x0, 0x0, 0xb, 0xff, 0xf2, 0xcf, 0xff, 0x10,
    0x0, 0x0, 0x0, 0x0, 0xbf, 0xff, 0x2c, 0xff,
    0xf1, 0x0, 0x0, 0x0, 0x0, 0xb, 0xff, 0xf2,
    0xcf, 0xff, 0x10, 0x0, 0x0, 0x0, 0x0, 0xbf,
    0xff, 0x2c, 0xff, 0xf1, 0x0, 0x0, 0x0, 0x0,
    0xb, 0xff, 0xf2, 0xcf, 0xff, 0x10, 0x0, 0x0,
    0x0, 0x0, 0xbf, 0xff, 0x2c, 0xff, 0xf1, 0x0,
    0x0, 0x0, 0x0, 0xb, 0xff, 0xf2, 0xcf, 0xff,
    0x10, 0x0, 0x0, 0x0, 0x0, 0xbf, 0xff, 0x2c,
    0xff, 0xf1, 0x0, 0x0, 0x0, 0x0, 0xb, 0xff,
    0xf2,

    /* U+0049 "I" */
    0xcf, 0xff, 0x1c, 0xff, 0xf1, 0xcf, 0xff, 0x1c,
    0xff, 0xf1, 0xcf, 0xff, 0x1c, 0xff, 0xf1, 0xcf,
    0xff, 0x1c, 0xff, 0xf1, 0xcf, 0xff, 0x1c, 0xff,
    0xf1, 0xcf, 0xff, 0x1c, 0xff, 0xf1, 0xcf, 0xff,
    0x1c, 0xff, 0xf1, 0xcf, 0xff, 0x1c, 0xff, 0xf1,
    0xcf, 0xff, 0x1c, 0xff, 0xf1, 0xcf, 0xff, 0x1c,
    0xff, 0xf1, 0xcf, 0xff, 0x1c, 0xff, 0xf1,

    /* U+004A "J" */
    0x0, 0x0, 0x0, 0x0, 0x0, 0xaf, 0xff, 0x30,
    0x0, 0x0, 0x0, 0x0, 0xa, 0xff, 0xf3, 0x0,
    0x0, 0x0, 0x0, 0x0, 0xaf, 0xff, 0x30, 0x0,
    0x0, 0x0, 0x0, 0xa, 0xff, 0xf3, 0x0, 0x0,
    0x0, 0x0, 0x0, 0xaf, 0xff, 0x30, 0x0, 0x0,
    0x0, 0x0, 0xa, 0xff, 0xf3, 0x0, 0x0, 0x0,
    0x0, 0x0, 0xaf, 0xff, 0x30, 0x0, 0x0, 0x0,
    0x0, 0xa, 0xff, 0xf3, 0x0, 0x0, 0x0, 0x0,
    0x0, 0xaf, 0xff, 0x30, 0x0, 0x0, 0x0, 0x0,
    0xa, 0xff, 0xf3, 0x0, 0x0, 0x0, 0x0, 0x0,
    0xaf, 0xff, 0x30, 0x0, 0x0, 0x0, 0x0, 0xa,
    0xff, 0xf3, 0x0, 0x0, 0x0, 0x0, 0x0, 0xaf,
    0xff, 0x30, 0x0, 0x0, 0x0, 0x0, 0xa, 0xff,
    0xf3, 0xdf, 0xff, 0x0, 0x0, 0x0, 0xaf, 0xff,
    0x3d, 0xff, 0xf1, 0x0, 0x0, 0xb, 0xff, 0xf2,
    0xcf, 0xff, 0x30, 0x0, 0x0, 0xdf, 0xff, 0x18,
    0xff, 0xfb, 0x0, 0x0, 0x5f, 0xff, 0xe0, 0x3f,
    0xff, 0xfc, 0x65, 0x9f, 0xff, 0xf8, 0x0, 0x9f,
    0xff, 0xff, 0xff, 0xff, 0xfd, 0x10, 0x0, 0x9f,
    0xff, 0xff, 0xff, 0xfd, 0x20, 0x0, 0x0, 0x39,
    0xdf, 0xfe, 0xb6, 0x0, 0x0,

    /* U+004B "K" */
    0xcf, 0xff, 0x10, 0x0, 0x0, 0x0, 0x2f, 0xff,
    0xfb, 0xc, 0xff, 0xf1, 0x0, 0x0, 0x0, 0x1e,
    0xff, 0xfc, 0x0, 0xcf, 0xff, 0x10, 0x0, 0x0,
    0xd, 0xff, 0xfe, 0x10, 0xc, 0xff, 0xf1, 0x0,
    0x0, 0xb, 0xff, 0xfe, 0x20, 0x0, 0xcf, 0xff,
    0x10, 0x0, 0x9, 0xff, 0xff, 0x30, 0x0, 0xc,
    0xff, 0xf1, 0x0, 0x7, 0xff, 0xff, 0x50, 0x0,
    0x0, 0xcf, 0xff, 0x10, 0x5, 0xff, 0xff, 0x70,
    0x0, 0x0, 0xc, 0xff, 0xf1, 0x3, 0xff, 0xff,
    0x90, 0x0, 0x0, 0x0, 0xcf, 0xff, 0x11, 0xef,
    0xff, 0xb0, 0x0, 0x0, 0x0, 0xc, 0xff, 0xf1,
    0xbf, 0xff, 0xf0, 0x0, 0x0, 0x0, 0x0, 0xcf,
    0xff, 0x7f, 0xff, 0xff, 0x70, 0x0, 0x0, 0x0,
    0xc, 0xff, 0xff, 0xff, 0xff, 0xff, 0x20, 0x0,
    0x0, 0x0, 0xcf, 0xff, 0xff, 0xbb, 0xff, 0xfc,
    0x0, 0x0, 0x0, 0xc, 0xff, 0xff, 0xc0, 0x1e,
    0xff, 0xf8, 0x0, 0x0, 0x0, 0xcf, 0xff, 0xd1,
    0x0, 0x5f, 0xff, 0xf3, 0x0, 0x0, 0xc, 0xff,
    0xf2, 0x0, 0x0, 0xaf, 0xff, 0xd0, 0x0, 0x0,
    0xcf, 0xff, 0x10, 0x0, 0x1, 0xef, 0xff, 0x80,
    0x0, 0xc, 0xff, 0xf1, 0x0, 0x0, 0x5, 0xff,
    0xff, 0x30, 0x0, 0xcf, 0xff, 0x10, 0x0, 0x0,
    0xa, 0xff, 0xfd, 0x0, 0xc, 0xff, 0xf1, 0x0,
    0x0, 0x0, 0x1e, 0xff, 0xf9, 0x0, 0xcf, 0xff,
    0x10, 0x0, 0x0, 0x0, 0x4f, 0xff, 0xf4, 0xc,
    0xff, 0xf1, 0x0, 0x0, 0x0, 0x0, 0xaf, 0xff,
    0xe1,

    /* U+004C "L" */
    0xcf, 0xff, 0x10, 0x0, 0x0, 0x0, 0x0, 0xcf,
    0xff, 0x10, 0x0, 0x0, 0x0, 0x0, 0xcf, 0xff,
    0x10, 0x0, 0x0, 0x0, 0x0, 0xcf, 0xff, 0x10,
    0x0, 0x0, 0x0, 0x0, 0xcf, 0xff, 0x10, 0x0,
    0x0, 0x0, 0x0, 0xcf, 0xff, 0x10, 0x0, 0x0,
    0x0, 0x0, 0xcf, 0xff, 0x10, 0x0, 0x0, 0x0,
    0x0, 0xcf, 0xff, 0x10, 0x0, 0x0, 0x0, 0x0,
    0xcf, 0xff, 0x10, 0x0, 0x0, 0x0, 0x0, 0xcf,
    0xff, 0x10, 0x0, 0x0, 0x0, 0x0, 0xcf, 0xff,
    0x10, 0x0, 0x0, 0x0, 0x0, 0xcf, 0xff, 0x10,
    0x0, 0x0, 0x0, 0x0, 0xcf, 0xff, 0x10, 0x0,
    0x0, 0x0, 0x0, 0xcf, 0xff, 0x10, 0x0, 0x0,
    0x0, 0x0, 0xcf, 0xff, 0x10, 0x0, 0x0, 0x0,
    0x0, 0xcf, 0xff, 0x10, 0x0, 0x0, 0x0, 0x0,
    0xcf, 0xff, 0x10, 0x0, 0x0, 0x0, 0x0, 0xcf,
    0xff, 0x10, 0x0, 0x0, 0x0, 0x0, 0xcf, 0xff,
    0x76, 0x66, 0x66, 0x66, 0x64, 0xcf, 0xff, 0xff,
    0xff, 0xff, 0xff, 0xfc, 0xcf, 0xff, 0xff, 0xff,
    0xff, 0xff, 0xfc, 0xcf, 0xff, 0xff, 0xff, 0xff,
    0xff, 0xfc,

    /* U+004D "M" */
    0xcf, 0xff, 0xff, 0x40, 0x0, 0x0, 0x0, 0x0,
    0x9, 0xff, 0xff, 0xf7, 0xcf, 0xff, 0xff, 0xa0,
    0x0, 0x0, 0x0, 0x0, 0xe, 0xff, 0xff, 0xf7,
    0xcf, 0xff, 0xff, 0xf0, 0x0, 0x0, 0x0, 0x0,
    0x5f, 0xff, 0xff, 0xf7, 0xcf, 0xff, 0xff, 0xf5,
    0x0, 0x0, 0x0, 0x0, 0xbf, 0xff, 0xff, 0xf7,
    0xcf, 0xfe, 0xdf, 0xfb, 0x0, 0x0, 0x0, 0x1,
    0xff, 0xfc, 0xff, 0xf7, 0xcf, 0xfe, 0x9f, 0xff,
    0x10, 0x0, 0x0, 0x6, 0xff, 0xf8, 0xff, 0xf7,
    0xcf, 0xff, 0x4f, 0xff, 0x70, 0x0, 0x0, 0xc,
    0xff, 0xe5, 0xff, 0xf7, 0xcf, 0xff, 0xf, 0xff,
    0xd0, 0x0, 0x0, 0x2f, 0xff, 0x96, 0xff, 0xf7,
    0xcf, 0xff, 0xb, 0xff, 0xf3, 0x0, 0x0, 0x7f,
    0xff, 0x46, 0xff, 0xf7, 0xcf, 0xff, 0x6, 0xff,
    0xf8, 0x0, 0x0, 0xdf, 0xff, 0x6, 0xff, 0xf7,
    0xcf, 0xff, 0x1, 0xff, 0xfe, 0x0, 0x3, 0xff,
    0xfa, 0x6, 0xff, 0xf7, 0xcf, 0xff, 0x0, 0xaf,
    0xff, 0x40, 0x9, 0xff, 0xf5, 0x6, 0xff, 0xf7,
    0xcf, 0xff, 0x0, 0x5f, 0xff, 0x90, 0xd, 0xff,
    0xe0, 0x6, 0xff, 0xf7, 0xcf, 0xff, 0x0, 0xe,
    0xff, 0xd0, 0x2f, 0xff, 0x90, 0x6, 0xff, 0xf7,
    0xcf, 0xff, 0x0, 0x9, 0xff, 0xf1, 0x6f, 0xff,
    0x30, 0x6, 0xff, 0xf7, 0xcf, 0xff, 0x0, 0x3,
    0xff, 0xf5, 0xaf, 0xfd, 0x0, 0x6, 0xff, 0xf7,
    0xcf, 0xff, 0x0, 0x0, 0xdf, 0xf9, 0xef, 0xf7,
    0x0, 0x6, 0xff, 0xf7, 0xcf, 0xff, 0x0, 0x0,
    0x7f, 0xfe, 0xff, 0xf2, 0x0, 0x6, 0xff, 0xf7,
    0xcf, 0xff, 0x0, 0x0, 0x1f, 0xff, 0xff, 0xc0,
    0x0, 0x6, 0xff, 0xf7, 0xcf, 0xff, 0x0, 0x0,
    0xb, 0xff, 0xff, 0x60, 0x0, 0x6, 0xff, 0xf7,
    0xcf, 0xff, 0x0, 0x0, 0x6, 0xff, 0xff, 0x10,
    0x0, 0x6, 0xff, 0xf7, 0xcf, 0xff, 0x0, 0x0,
    0x0, 0xff, 0xfa, 0x0, 0x0, 0x6, 0xff, 0xf7,

    /* U+004E "N" */
    0xcf, 0xff, 0xe0, 0x0, 0x0, 0x0, 0x0, 0x6f,
    0xff, 0x9c, 0xff, 0xff, 0x80, 0x0, 0x0, 0x0,
    0x6, 0xff, 0xf9, 0xcf, 0xff, 0xff, 0x30, 0x0,
    0x0, 0x0, 0x6f, 0xff, 0x9c, 0xff, 0xff, 0xfc,
    0x0, 0x0, 0x0, 0x6, 0xff, 0xf9, 0xcf, 0xff,
    0xff, 0xf6, 0x0, 0x0, 0x0, 0x6f, 0xff, 0x9c,
    0xff, 0xfb, 0xff, 0xf1, 0x0, 0x0, 0x6, 0xff,
    0xf9, 0xcf, 0xff, 0x3f, 0xff, 0xa0, 0x0, 0x0,
    0x6f, 0xff, 0x9c, 0xff, 0xf0, 0xbf, 0xff, 0x40,
    0x0, 0x6, 0xff, 0xf9, 0xcf, 0xff, 0x12, 0xff,
    0xfd, 0x0, 0x0, 0x6f, 0xff, 0x9c, 0xff, 0xf2,
    0x9, 0xff, 0xf8, 0x0, 0x6, 0xff, 0xf9, 0xcf,
    0xff, 0x20, 0x1f, 0xff, 0xf2, 0x0, 0x6f, 0xff,
    0x9c, 0xff, 0xf2, 0x0, 0x6f, 0xff, 0xc0, 0x6,
    0xff, 0xf9, 0xcf, 0xff, 0x30, 0x0, 0xcf, 0xff,
    0x60, 0x6f, 0xff, 0x9c, 0xff, 0xf3, 0x0, 0x2,
    0xff, 0xfe, 0x5, 0xff, 0xf9, 0xcf, 0xff, 0x30,
    0x0, 0x8, 0xff, 0xf8, 0x4f, 0xff, 0x9c, 0xff,
    0xf3, 0x0, 0x0, 0xe, 0xff, 0xf5, 0xff, 0xf9,
    0xcf, 0xff, 0x30, 0x0, 0x0, 0x4f, 0xff, 0xbf,
    0xff, 0x9c, 0xff, 0xf3, 0x0, 0x0, 0x0, 0xaf,
    0xff, 0xff, 0xf9, 0xcf, 0xff, 0x30, 0x0, 0x0,
    0x1, 0xff, 0xff, 0xff, 0x9c, 0xff, 0xf3, 0x0,
    0x0, 0x0, 0x6, 0xff, 0xff, 0xf9, 0xcf, 0xff,
    0x30, 0x0, 0x0, 0x0, 0xc, 0xff, 0xff, 0x9c,
    0xff, 0xf3, 0x0, 0x0, 0x0, 0x0, 0x3f, 0xff,
    0xf9,

    /* U+004F "O" */
    0x0, 0x0, 0x0, 0x38, 0xce, 0xff, 0xd9, 0x30,
    0x0, 0x0, 0x0, 0x0, 0x1, 0xbf, 0xff, 0xff,
    0xff, 0xff, 0xc2, 0x0, 0x0, 0x0, 0x3, 0xef,
    0xff, 0xff, 0xff, 0xff, 0xff, 0xf4, 0x0, 0x0,
    0x2, 0xff, 0xff, 0xfe, 0xb9, 0xbe, 0xff, 0xff,
    0xf3, 0x0, 0x0, 0xcf, 0xff, 0xf6, 0x0, 0x0,
    0x6, 0xff, 0xff, 0xd0, 0x0, 0x5f, 0xff, 0xf3,
    0x0, 0x0, 0x0, 0x3, 0xff, 0xff, 0x60, 0xc,
    0xff, 0xf7, 0x0, 0x0, 0x0, 0x0, 0x6, 0xff,
    0xfd, 0x1, 0xff, 0xff, 0x0, 0x0, 0x0, 0x0,
    0x0, 0xe, 0xff, 0xf2, 0x4f, 0xff, 0xb0, 0x0,
    0x0, 0x0, 0x0, 0x0, 0xaf, 0xff, 0x56, 0xff,
    0xf8, 0x0, 0x0, 0x0, 0x0, 0x0, 0x7, 0xff,
    0xf7, 0x7f, 0xff, 0x70, 0x0, 0x0, 0x0, 0x0,
    0x0, 0x6f, 0xff, 0x87, 0xff, 0xf7, 0x0, 0x0,
    0x0, 0x0, 0x0, 0x6, 0xff, 0xf8, 0x6f, 0xff,
    0x80, 0x0, 0x0, 0x0, 0x0, 0x0, 0x7f, 0xff,
    0x74, 0xff, 0xfb, 0x0, 0x0, 0x0, 0x0, 0x0,
    0xa, 0xff, 0xf5, 0x1f, 0xff, 0xf0, 0x0, 0x0,
    0x0, 0x0, 0x0, 0xef, 0xff, 0x20, 0xcf, 0xff,
    0x70, 0x0, 0x0, 0x0, 0x0, 0x6f, 0xff, 0xd0,
    0x5, 0xff, 0xff, 0x30, 0x0, 0x0, 0x0, 0x2f,
    0xff, 0xf6, 0x0, 0xc, 0xff, 0xff, 0x60, 0x0,
    0x0, 0x5e, 0xff, 0xfd, 0x0, 0x0, 0x2f, 0xff,
    0xff, 0xeb, 0x9a, 0xef, 0xff, 0xff, 0x30, 0x0,
    0x0, 0x3e, 0xff, 0xff, 0xff, 0xff, 0xff, 0xff,
    0x40, 0x0, 0x0, 0x0, 0x2b, 0xff, 0xff, 0xff,
    0xff, 0xfc, 0x20, 0x0, 0x0, 0x0, 0x0, 0x3,
    0x9c, 0xff, 0xfd, 0x93, 0x0, 0x0, 0x0,

    /* U+0050 "P" */
    0xcf, 0xff, 0xff, 0xff, 0xfe, 0xc7, 0x10, 0x0,
    0xc, 0xff, 0xff, 0xff, 0xff, 0xff, 0xff, 0x60,
    0x0, 0xcf, 0xff, 0xff, 0xff, 0xff, 0xff, 0xff,
    0x60, 0xc, 0xff, 0xf6, 0x55, 0x56, 0x9f, 0xff,
    0xff, 0x20, 0xcf, 0xff, 0x10, 0x0, 0x0, 0x1d,
    0xff, 0xf8, 0xc, 0xff, 0xf1, 0x0, 0x0, 0x0,
    0x4f, 0xff, 0xd0, 0xcf, 0xff, 0x10, 0x0, 0x0,
    0x0, 0xff, 0xff, 0xc, 0xff, 0xf1, 0x0, 0x0,
    0x0, 0xf, 0xff, 0xf0, 0xcf, 0xff, 0x10, 0x0,
    0x0, 0x2, 0xff, 0xfe, 0xc, 0xff, 0xf1, 0x0,
    0x0, 0x0, 0xaf, 0xff, 0xa0, 0xcf, 0xff, 0x10,
    0x0, 0x3, 0xbf, 0xff, 0xf4, 0xc, 0xff, 0xff,
    0xff, 0xff, 0xff, 0xff, 0xfa, 0x0, 0xcf, 0xff,
    0xff, 0xff, 0xff, 0xff, 0xfb, 0x0, 0xc, 0xff,
    0xff, 0xff, 0xff, 0xff, 0xc5, 0x0, 0x0, 0xcf,
    0xff, 0x54, 0x44, 0x42, 0x10, 0x0, 0x0, 0xc,
    0xff, 0xf1, 0x0, 0x0, 0x0, 0x0, 0x0, 0x0,
    0xcf, 0xff, 0x10, 0x0, 0x0, 0x0, 0x0, 0x0,
    0xc, 0xff, 0xf1, 0x0, 0x0, 0x0, 0x0, 0x0,
    0x0, 0xcf, 0xff, 0x10, 0x0, 0x0, 0x0, 0x0,
    0x0, 0xc, 0xff, 0xf1, 0x0, 0x0, 0x0, 0x0,
    0x0, 0x0, 0xcf, 0xff, 0x10, 0x0, 0x0, 0x0,
    0x0, 0x0, 0xc, 0xff, 0xf1, 0x0, 0x0, 0x0,
    0x0, 0x0, 0x0,

    /* U+0051 "Q" */
    0x0, 0x0, 0x0, 0x38, 0xce, 0xff, 0xd9, 0x30,
    0x0, 0x0, 0x0, 0x0, 0x1, 0xbf, 0xff, 0xff,
    0xff, 0xff, 0xc2, 0x0, 0x0, 0x0, 0x3, 0xef,
    0xff, 0xff, 0xff, 0xff, 0xff, 0xf4, 0x0, 0x0,
    0x2, 0xff, 0xff, 0xfe, 0xb9, 0xbe, 0xff, 0xff,
    0xf3, 0x0, 0x0, 0xcf, 0xff, 0xf6, 0x0, 0x0,
    0x6, 0xff, 0xff, 0xd0, 0x0, 0x5f, 0xff, 0xf3,
    0x0, 0x0, 0x0, 0x3, 0xff, 0xff, 0x60, 0xc,
    0xff, 0xf7, 0x0, 0x0, 0x0, 0x0, 0x6, 0xff,
    0xfd, 0x1, 0xff, 0xff, 0x0, 0x0, 0x0, 0x0,
    0x0, 0xe, 0xff, 0xf2, 0x4f, 0xff, 0xb0, 0x0,
    0x0, 0x0, 0x0, 0x0, 0xaf, 0xff, 0x56, 0xff,
    0xf8, 0x0, 0x0, 0x0, 0x0, 0x0, 0x7, 0xff,
    0xf7, 0x7f, 0xff, 0x70, 0x0, 0x0, 0x0, 0x0,
    0x0, 0x6f, 0xff, 0x87, 0xff, 0xf7, 0x0, 0x0,
    0x0, 0x0, 0x0, 0x6, 0xff, 0xf7, 0x6f, 0xff,
    0x80, 0x0, 0x0, 0x0, 0x0, 0x0, 0x8f, 0xff,
    0x64, 0xff, 0xfb, 0x0, 0x0, 0x0, 0x0, 0x0,
    0xb, 0xff, 0xf5, 0x1f, 0xff, 0xf0, 0x0, 0x3,
    0x88, 0x70, 0x0, 0xef, 0xff, 0x10, 0xcf, 0xff,
    0x70, 0x0, 0xd, 0xff, 0xa0, 0x6f, 0xff, 0xc0,
    0x5, 0xff, 0xff, 0x30, 0x0, 0x2f, 0xff, 0x8f,
    0xff, 0xf5, 0x0, 0xc, 0xff, 0xff, 0x60, 0x0,
    0x5f, 0xff, 0xff, 0xfc, 0x0, 0x0, 0x2f, 0xff,
    0xff, 0xeb, 0x9b, 0xff, 0xff, 0xfe, 0x20, 0x0,
    0x0, 0x3e, 0xff, 0xff, 0xff, 0xff, 0xff, 0xff,
    0x30, 0x0, 0x0, 0x0, 0x2b, 0xff, 0xff, 0xff,
    0xff, 0xff, 0xfa, 0x0, 0x0, 0x0, 0x0, 0x3,
    0x9c, 0xff, 0xec, 0x87, 0xff, 0xf7, 0x0, 0x0,
    0x0, 0x0, 0x0, 0x0, 0x0, 0x0, 0x8, 0xff,
    0xf4, 0x0, 0x0, 0x0, 0x0, 0x0, 0x0, 0x0,
    0x0, 0x7, 0x88, 0x60,

    /* U+0052 "R" */
    0xcf, 0xff, 0xff, 0xff, 0xfe, 0xc8, 0x20, 0x0,
    0xc, 0xff, 0xff, 0xff, 0xff, 0xff, 0xff, 0x70,
    0x0, 0xcf, 0xff, 0xff, 0xff, 0xff, 0xff, 0xff,
    0x80, 0xc, 0xff, 0xf6, 0x55, 0x56, 0x9e, 0xff,
    0xff, 0x30, 0xcf, 0xff, 0x10, 0x0, 0x0, 0x1c,
    0xff, 0xfa, 0xc, 0xff, 0xf1, 0x0, 0x0, 0x0,
    0x3f, 0xff, 0xe0, 0xcf, 0xff, 0x10, 0x0, 0x0,
    0x0, 0xff, 0xff, 0xc, 0xff, 0xf1, 0x0, 0x0,
    0x0, 0xf, 0xff, 0xf0, 0xcf, 0xff, 0x10, 0x0,
    0x0, 0x3, 0xff, 0xfd, 0xc, 0xff, 0xf1, 0x0,
    0x0, 0x0, 0xbf, 0xff, 0xa0, 0xcf, 0xff, 0x65,
    0x55, 0x58, 0xdf, 0xff, 0xf3, 0xc, 0xff, 0xff,
    0xff, 0xff, 0xff, 0xff, 0xf8, 0x0, 0xcf, 0xff,
    0xff, 0xff, 0xff, 0xff, 0xf8, 0x0, 0xc, 0xff,
    0xff, 0xff, 0xff, 0xff, 0xf5, 0x0, 0x0, 0xcf,
    0xff, 0x10, 0x0, 0x8f, 0xff, 0xc0, 0x0, 0xc,
    0xff, 0xf1, 0x0, 0x1, 0xff, 0xff, 0x40, 0x0,
    0xcf, 0xff, 0x10, 0x0, 0x7, 0xff, 0xfd, 0x0,
    0xc, 0xff, 0xf1, 0x0, 0x0, 0xe, 0xff, 0xf6,
    0x0, 0xcf, 0xff, 0x10, 0x0, 0x0, 0x6f, 0xff,
    0xe0, 0xc, 0xff, 0xf1, 0x0, 0x0, 0x0, 0xdf,
    0xff, 0x70, 0xcf, 0xff, 0x10, 0x0, 0x0, 0x5,
    0xff, 0xff, 0x1c, 0xff, 0xf1, 0x0, 0x0, 0x0,
    0xc, 0xff, 0xf9,

    /* U+0053 "S" */
    0x0, 0x0, 0x16, 0xbd, 0xff, 0xda, 0x50, 0x0,
    0x0, 0x0, 0x6, 0xef, 0xff, 0xff, 0xff, 0xfd,
    0x40, 0x0, 0x0, 0x8f, 0xff, 0xff, 0xff, 0xff,
    0xff, 0xf4, 0x0, 0x4, 0xff, 0xff, 0xe9, 0x77,
    0xaf, 0xff, 0xff, 0x10, 0xb, 0xff, 0xfa, 0x0,
    0x0, 0x1, 0xdf, 0xff, 0x70, 0xf, 0xff, 0xf1,
    0x0, 0x0, 0x0, 0x3f, 0xff, 0xb0, 0xf, 0xff,
    0xf0, 0x0, 0x0, 0x0, 0x3, 0x44, 0x30, 0xd,
    0xff, 0xf6, 0x0, 0x0, 0x0, 0x0, 0x0, 0x0,
    0x7, 0xff, 0xff, 0xa3, 0x0, 0x0, 0x0, 0x0,
    0x0, 0x0, 0xcf, 0xff, 0xff, 0xea, 0x61, 0x0,
    0x0, 0x0, 0x0, 0x9, 0xff, 0xff, 0xff, 0xff,
    0xc5, 0x0, 0x0, 0x0, 0x0, 0x28, 0xdf, 0xff,
    0xff, 0xff, 0xc2, 0x0, 0x0, 0x0, 0x0, 0x2,
    0x6a, 0xef, 0xff, 0xfe, 0x10, 0x0, 0x0, 0x0,
    0x0, 0x0, 0x5, 0xdf, 0xff, 0x90, 0x0, 0x0,
    0x0, 0x0, 0x0, 0x0, 0x1f, 0xff, 0xf0, 0x6b,
    0xbb, 0x30, 0x0, 0x0, 0x0, 0xd, 0xff, 0xf1,
    0x7f, 0xff, 0x90, 0x0, 0x0, 0x0, 0xf, 0xff,
    0xf0, 0x2f, 0xff, 0xf6, 0x0, 0x0, 0x1, 0xbf,
    0xff, 0xd0, 0xb, 0xff, 0xff, 0xd9, 0x78, 0xaf,
    0xff, 0xff, 0x60, 0x1, 0xdf, 0xff, 0xff, 0xff,
    0xff, 0xff, 0xfa, 0x0, 0x0, 0x1b, 0xff, 0xff,
    0xff, 0xff, 0xff, 0x80, 0x0, 0x0, 0x0, 0x38,
    0xce, 0xff, 0xdb, 0x71, 0x0, 0x0,

    /* U+0054 "T" */
    0xcf, 0xff, 0xff, 0xff, 0xff, 0xff, 0xff, 0xff,
    0xf9, 0xcf, 0xff, 0xff, 0xff, 0xff, 0xff, 0xff,
    0xff, 0xf9, 0xcf, 0xff, 0xff, 0xff, 0xff, 0xff,
    0xff, 0xff, 0xf9, 0x46, 0x66, 0x66, 0x6f, 0xff,
    0xe6, 0x66, 0x66, 0x63, 0x0, 0x0, 0x0, 0xf,
    0xff, 0xd0, 0x0, 0x0, 0x0, 0x0, 0x0, 0x0,
    0xf, 0xff, 0xd0, 0x0, 0x0, 0x0, 0x0, 0x0,
    0x0, 0xf, 0xff, 0xd0, 0x0, 0x0, 0x0, 0x0,
    0x0, 0x0, 0xf, 0xff, 0xd0, 0x0, 0x0, 0x0,
    0x0, 0x0, 0x0, 0xf, 0xff, 0xd0, 0x0, 0x0,
    0x0, 0x0, 0x0, 0x0, 0xf, 0xff, 0xd0, 0x0,
    0x0, 0x0, 0x0, 0x0, 0x0, 0xf, 0xff, 0xd0,
    0x0, 0x0, 0x0, 0x0, 0x0, 0x0, 0xf, 0xff,
    0xd0, 0x0, 0x0, 0x0, 0x0, 0x0, 0x0, 0xf,
    0xff, 0xd0, 0x0, 0x0, 0x0, 0x0, 0x0, 0x0,
    0xf, 0xff, 0xd0, 0x0, 0x0, 0x0, 0x0, 0x0,
    0x0, 0xf, 0xff, 0xd0, 0x0, 0x0, 0x0, 0x0,
    0x0, 0x0, 0xf, 0xff, 0xd0, 0x0, 0x0, 0x0,
    0x0, 0x0, 0x0, 0xf, 0xff, 0xd0, 0x0, 0x0,
    0x0, 0x0, 0x0, 0x0, 0xf, 0xff, 0xd0, 0x0,
    0x0, 0x0, 0x0, 0x0, 0x0, 0xf, 0xff, 0xd0,
    0x0, 0x0, 0x0, 0x0, 0x0, 0x0, 0xf, 0xff,
    0xd0, 0x0, 0x0, 0x0, 0x0, 0x0, 0x0, 0xf,
    0xff, 0xd0, 0x0, 0x0, 0x0, 0x0, 0x0, 0x0,
    0xf, 0xff, 0xd0, 0x0, 0x0, 0x0,

    /* U+0055 "U" */
    0xcf, 0xff, 0x10, 0x0, 0x0, 0x0, 0x0, 0xff,
    0xfe, 0xcf, 0xff, 0x10, 0x0, 0x0, 0x0, 0x0,
    0xff, 0xfe, 0xcf, 0xff, 0x10, 0x0, 0x0, 0x0,
    0x0, 0xff, 0xfe, 0xcf, 0xff, 0x10, 0x0, 0x0,
    0x0, 0x0, 0xff, 0xfe, 0xcf, 0xff, 0x10, 0x0,
    0x0, 0x0, 0x0, 0xff, 0xfe, 0xcf, 0xff, 0x10,
    0x0, 0x0, 0x0, 0x0, 0xff, 0xfe, 0xcf, 0xff,
    0x10, 0x0, 0x0, 0x0, 0x0, 0xff, 0xfe, 0xcf,
    0xff, 0x10, 0x0, 0x0, 0x0, 0x0, 0xff, 0xfe,
    0xcf, 0xff, 0x10, 0x0, 0x0, 0x0, 0x0, 0xff,
    0xfe, 0xcf, 0xff, 0x10, 0x0, 0x0, 0x0, 0x0,
    0xff, 0xfe, 0xcf, 0xff, 0x10, 0x0, 0x0, 0x0,
    0x0, 0xff, 0xfe, 0xcf, 0xff, 0x10, 0x0, 0x0,
    0x0, 0x0, 0xff, 0xfe, 0xcf, 0xff, 0x10, 0x0,
    0x0, 0x0, 0x0, 0xff, 0xfe, 0xcf, 0xff, 0x10,
    0x0, 0x0, 0x0, 0x0, 0xff, 0xfe, 0xcf, 0xff,
    0x20, 0x0, 0x0, 0x0, 0x1, 0xff, 0xfd, 0xaf,
    0xff, 0x60, 0x0, 0x0, 0x0, 0x5, 0xff, 0xfc,
    0x7f, 0xff, 0xe1, 0x0, 0x0, 0x0, 0xd, 0xff,
    0xf8, 0x1f, 0xff, 0xfd, 0x20, 0x0, 0x2, 0xcf,
    0xff, 0xf2, 0x7, 0xff, 0xff, 0xfc, 0xaa, 0xcf,
    0xff, 0xff, 0x80, 0x0, 0xaf, 0xff, 0xff, 0xff,
    0xff, 0xff, 0xfb, 0x0, 0x0, 0x6, 0xff, 0xff,
    0xff, 0xff, 0xff, 0x70, 0x0, 0x0, 0x0, 0x16,
    0xbd, 0xff, 0xdb, 0x61, 0x0, 0x0,

    /* U+0056 "V" */
    0x1f, 0xff, 0xf3, 0x0, 0x0, 0x0, 0x0, 0x0,
    0x5f, 0xff, 0xe0, 0xb, 0xff, 0xf8, 0x0, 0x0,
    0x0, 0x0, 0x0, 0xaf, 0xff, 0x90, 0x6, 0xff,
    0xfd, 0x0, 0x0, 0x0, 0x0, 0x0, 0xff, 0xff,
    0x30, 0x0, 0xff, 0xff, 0x30, 0x0, 0x0, 0x0,
    0x5, 0xff, 0xfe, 0x0, 0x0, 0xaf, 0xff, 0x80,
    0x0, 0x0, 0x0, 0xa, 0xff, 0xf8, 0x0, 0x0,
    0x5f, 0xff, 0xe0, 0x0, 0x0, 0x0, 0xf, 0xff,
    0xf3, 0x0, 0x0, 0xf, 0xff, 0xf3, 0x0, 0x0,
    0x0, 0x4f, 0xff, 0xd0, 0x0, 0x0, 0x9, 0xff,
    0xf8, 0x0, 0x0, 0x0, 0xaf, 0xff, 0x80, 0x0,
    0x0, 0x4, 0xff, 0xfe, 0x0, 0x0, 0x0, 0xef,
    0xff, 0x20, 0x0, 0x0, 0x0, 0xef, 0xff, 0x30,
    0x0, 0x4, 0xff, 0xfc, 0x0, 0x0, 0x0, 0x0,
    0x8f, 0xff, 0x90, 0x0, 0x9, 0xff, 0xf7, 0x0,
    0x0, 0x0, 0x0, 0x3f, 0xff, 0xe0, 0x0, 0xe,
    0xff, 0xf1, 0x0, 0x0, 0x0, 0x0, 0xd, 0xff,
    0xf3, 0x0, 0x3f, 0xff, 0xc0, 0x0, 0x0, 0x0,
    0x0, 0x7, 0xff, 0xf8, 0x0, 0x8f, 0xff, 0x60,
    0x0, 0x0, 0x0, 0x0, 0x2, 0xff, 0xfc, 0x0,
    0xdf, 0xff, 0x10, 0x0, 0x0, 0x0, 0x0, 0x0,
    0xcf, 0xff, 0x11, 0xff, 0xfb, 0x0, 0x0, 0x0,
    0x0, 0x0, 0x0, 0x6f, 0xff, 0x55, 0xff, 0xf6,
    0x0, 0x0, 0x0, 0x0, 0x0, 0x0, 0x1f, 0xff,
    0xaa, 0xff, 0xf0, 0x0, 0x0, 0x0, 0x0, 0x0,
    0x0, 0xb, 0xff, 0xee, 0xff, 0xa0, 0x0, 0x0,
    0x0, 0x0, 0x0, 0x0, 0x5, 0xff, 0xff, 0xff,
    0x50, 0x0, 0x0, 0x0, 0x0, 0x0, 0x0, 0x0,
    0xff, 0xff, 0xff, 0x0, 0x0, 0x0, 0x0, 0x0,
    0x0, 0x0, 0x0, 0xaf, 0xff, 0xfa, 0x0, 0x0,
    0x0, 0x0,

    /* U+0057 "W" */
    0x2f, 0xff, 0xf1, 0x0, 0x0, 0x0, 0xe, 0xff,
    0xf7, 0x0, 0x0, 0x0, 0x7, 0xff, 0xfb, 0xd,
    0xff, 0xf4, 0x0, 0x0, 0x0, 0x2f, 0xff, 0xfc,
    0x0, 0x0, 0x0, 0xb, 0xff, 0xf7, 0x9, 0xff,
    0xf8, 0x0, 0x0, 0x0, 0x6f, 0xff, 0xff, 0x0,
    0x0, 0x0, 0xf, 0xff, 0xf3, 0x5, 0xff, 0xfc,
    0x0, 0x0, 0x0, 0xaf, 0xff, 0xff, 0x40, 0x0,
    0x0, 0x3f, 0xff, 0xe0, 0x1, 0xff, 0xff, 0x0,
    0x0, 0x0, 0xef, 0xff, 0xff, 0x80, 0x0, 0x0,
    0x6f, 0xff, 0xa0, 0x0, 0xcf, 0xff, 0x40, 0x0,
    0x2, 0xff, 0xfb, 0xff, 0xc0, 0x0, 0x0, 0xaf,
    0xff, 0x60, 0x0, 0x8f, 0xff, 0x80, 0x0, 0x6,
    0xff, 0xf6, 0xff, 0xf0, 0x0, 0x0, 0xef, 0xff,
    0x20, 0x0, 0x4f, 0xff, 0xc0, 0x0, 0xa, 0xff,
    0xc3, 0xff, 0xf4, 0x0, 0x2, 0xff, 0xfd, 0x0,
    0x0, 0xf, 0xff, 0xf0, 0x0, 0xe, 0xff, 0x90,
    0xff, 0xf8, 0x0, 0x6, 0xff, 0xf9, 0x0, 0x0,
    0xb, 0xff, 0xf3, 0x0, 0x2f, 0xff, 0x50, 0xcf,
    0xfc, 0x0, 0xa, 0xff, 0xf5, 0x0, 0x0, 0x7,
    0xff, 0xf7, 0x0, 0x6f, 0xff, 0x10, 0x8f, 0xff,
    0x0, 0xe, 0xff, 0xf1, 0x0, 0x0, 0x3, 0xff,
    0xfb, 0x0, 0xaf, 0xfd, 0x0, 0x4f, 0xff, 0x40,
    0x1f, 0xff, 0xc0, 0x0, 0x0, 0x0, 0xef, 0xfe,
    0x0, 0xef, 0xf9, 0x0, 0xf, 0xff, 0x70, 0x5f,
    0xff, 0x80, 0x0, 0x0, 0x0, 0xaf, 0xff, 0x22,
    0xff, 0xf5, 0x0, 0xb, 0xff, 0xb0, 0x8f, 0xff,
    0x30, 0x0, 0x0, 0x0, 0x6f, 0xff, 0x55, 0xff,
    0xf1, 0x0, 0x7, 0xff, 0xe0, 0xbf, 0xff, 0x0,
    0x0, 0x0, 0x0, 0x1f, 0xff, 0x88, 0xff, 0xc0,
    0x0, 0x3, 0xff, 0xf1, 0xef, 0xfb, 0x0, 0x0,
    0x0, 0x0, 0xd, 0xff, 0xbb, 0xff, 0x80, 0x0,
    0x0, 0xff, 0xf6, 0xff, 0xf7, 0x0, 0x0, 0x0,
    0x0, 0x9, 0xff, 0xde, 0xff, 0x40, 0x0, 0x0,
    0xbf, 0xfc, 0xff, 0xf2, 0x0, 0x0, 0x0, 0x0,
    0x5, 0xff, 0xff, 0xff, 0x0, 0x0, 0x0, 0x6f,
    0xff, 0xff, 0xe0, 0x0, 0x0, 0x0, 0x0, 0x0,
    0xff, 0xff, 0xfc, 0x0, 0x0, 0x0, 0x2f, 0xff,
    0xff, 0xa0, 0x0, 0x0, 0x0, 0x0, 0x0, 0xcf,
    0xff, 0xf7, 0x0, 0x0, 0x0, 0xe, 0xff, 0xff,
    0x50, 0x0, 0x0, 0x0, 0x0, 0x0, 0x8f, 0xff,
    0xf3, 0x0, 0x0, 0x0, 0xa, 0xff, 0xff, 0x10,
    0x0, 0x0,

    /* U+0058 "X" */
    0x4, 0xff, 0xff, 0x40, 0x0, 0x0, 0x0, 0x8,
    0xff, 0xfd, 0x0, 0x9, 0xff, 0xfd, 0x0, 0x0,
    0x0, 0x3, 0xff, 0xff, 0x30, 0x0, 0xd, 0xff,
    0xf9, 0x0, 0x0, 0x0, 0xdf, 0xff, 0x80, 0x0,
    0x0, 0x4f, 0xff, 0xf3, 0x0, 0x0, 0x8f, 0xff,
    0xd0, 0x0, 0x0, 0x0, 0x9f, 0xff, 0xd0, 0x0,
    0x3f, 0xff, 0xf3, 0x0, 0x0, 0x0, 0x0, 0xdf,
    0xff, 0x70, 0xc, 0xff, 0xf8, 0x0, 0x0, 0x0,
    0x0, 0x3, 0xff, 0xff, 0x15, 0xff, 0xfd, 0x0,
    0x0, 0x0, 0x0, 0x0, 0x9, 0xff, 0xf9, 0xdf,
    0xff, 0x30, 0x0, 0x0, 0x0, 0x0, 0x0, 0xd,
    0xff, 0xff, 0xff, 0x80, 0x0, 0x0, 0x0, 0x0,
    0x0, 0x0, 0x3f, 0xff, 0xff, 0xc0, 0x0, 0x0,
    0x0, 0x0, 0x0, 0x0, 0x0, 0x9f, 0xff, 0xf4,
    0x0, 0x0, 0x0, 0x0, 0x0, 0x0, 0x0, 0xd,
    0xff, 0xff, 0xa0, 0x0, 0x0, 0x0, 0x0, 0x0,
    0x0, 0x9, 0xff, 0xff, 0xff, 0x50, 0x0, 0x0,
    0x0, 0x0, 0x0, 0x4, 0xff, 0xfd, 0xff, 0xfe,
    0x10, 0x0, 0x0, 0x0, 0x0, 0x1, 0xef, 0xff,
    0x3a, 0xff, 0xfb, 0x0, 0x0, 0x0, 0x0, 0x0,
    0xbf, 0xff, 0xa0, 0x2f, 0xff, 0xf6, 0x0, 0x0,
    0x0, 0x0, 0x6f, 0xff, 0xe1, 0x0, 0x7f, 0xff,
    0xf2, 0x0, 0x0, 0x0, 0x2f, 0xff, 0xf5, 0x0,
    0x0, 0xcf, 0xff, 0xb0, 0x0, 0x0, 0xc, 0xff,
    0xfa, 0x0, 0x0, 0x2, 0xff, 0xff, 0x60, 0x0,
    0x7, 0xff, 0xfe, 0x10, 0x0, 0x0, 0x7, 0xff,
    0xff, 0x20, 0x3, 0xff, 0xff, 0x40, 0x0, 0x0,
    0x0, 0xc, 0xff, 0xfc, 0x0, 0xdf, 0xff, 0x90,
    0x0, 0x0, 0x0, 0x0, 0x2f, 0xff, 0xf7,

    /* U+0059 "Y" */
    0xe, 0xff, 0xf9, 0x0, 0x0, 0x0, 0x0, 0x2,
    0xff, 0xff, 0x50, 0x5f, 0xff, 0xf2, 0x0, 0x0,
    0x0, 0x0, 0xbf, 0xff, 0xc0, 0x0, 0xcf, 0xff,
    0xb0, 0x0, 0x0, 0x0, 0x4f, 0xff, 0xf3, 0x0,
    0x2, 0xff, 0xff, 0x40, 0x0, 0x0, 0xc, 0xff,
    0xf9, 0x0, 0x0, 0x9, 0xff, 0xfd, 0x0, 0x0,
    0x5, 0xff, 0xfe, 0x10, 0x0, 0x0, 0x1e, 0xff,
    0xf6, 0x0, 0x0, 0xdf, 0xff, 0x60, 0x0, 0x0,
    0x0, 0x6f, 0xff, 0xe0, 0x0, 0x7f, 0xff, 0xd0,
    0x0, 0x0, 0x0, 0x0, 0xcf, 0xff, 0x70, 0xe,
    0xff, 0xf3, 0x0, 0x0, 0x0, 0x0, 0x3, 0xff,
    0xff, 0x17, 0xff, 0xfa, 0x0, 0x0, 0x0, 0x0,
    0x0, 0x9, 0xff, 0xf7, 0xef, 0xff, 0x10, 0x0,
    0x0, 0x0, 0x0, 0x0, 0x1e, 0xff, 0xff, 0xff,
    0x70, 0x0, 0x0, 0x0, 0x0, 0x0, 0x0, 0x6f,
    0xff, 0xff, 0xd0, 0x0, 0x0, 0x0, 0x0, 0x0,
    0x0, 0x0, 0xcf, 0xff, 0xf4, 0x0, 0x0, 0x0,
    0x0, 0x0, 0x0, 0x0, 0x4, 0xff, 0xfc, 0x0,
    0x0, 0x0, 0x0, 0x0, 0x0, 0x0, 0x0, 0x3f,
    0xff, 0xb0, 0x0, 0x0, 0x0, 0x0, 0x0, 0x0,
    0x0, 0x3, 0xff, 0xfb, 0x0, 0x0, 0x0, 0x0,
    0x0, 0x0, 0x0, 0x0, 0x3f, 0xff, 0xb0, 0x0,
    0x0, 0x0, 0x0, 0x0, 0x0, 0x0, 0x3, 0xff,
    0xfb, 0x0, 0x0, 0x0, 0x0, 0x0, 0x0, 0x0,
    0x0, 0x3f, 0xff, 0xb0, 0x0, 0x0, 0x0, 0x0,
    0x0, 0x0, 0x0, 0x3, 0xff, 0xfb, 0x0, 0x0,
    0x0, 0x0, 0x0, 0x0, 0x0, 0x0, 0x3f, 0xff,
    0xb0, 0x0, 0x0, 0x0, 0x0, 0x0, 0x0, 0x0,
    0x3, 0xff, 0xfb, 0x0, 0x0, 0x0, 0x0,

    /* U+005A "Z" */
    0x4f, 0xff, 0xff, 0xff, 0xff, 0xff, 0xff, 0xff,
    0xd4, 0xff, 0xff, 0xff, 0xff, 0xff, 0xff, 0xff,
    0xfd, 0x4f, 0xff, 0xff, 0xff, 0xff, 0xff, 0xff,
    0xff, 0xb1, 0x55, 0x55, 0x55, 0x55, 0x55, 0x6f,
    0xff, 0xf2, 0x0, 0x0, 0x0, 0x0, 0x0, 0xa,
    0xff, 0xf6, 0x0, 0x0, 0x0, 0x0, 0x0, 0x7,
    0xff, 0xfb, 0x0, 0x0, 0x0, 0x0, 0x0, 0x3,
    0xff, 0xfe, 0x10, 0x0, 0x0, 0x0, 0x0, 0x0,
    0xdf, 0xff, 0x50, 0x0, 0x0, 0x0, 0x0, 0x0,
    0x9f, 0xff, 0xa0, 0x0, 0x0, 0x0, 0x0, 0x0,
    0x4f, 0xff, 0xe1, 0x0, 0x0, 0x0, 0x0, 0x0,
    0x1e, 0xff, 0xf4, 0x0, 0x0, 0x0, 0x0, 0x0,
    0xa, 0xff, 0xf9, 0x0, 0x0, 0x0, 0x0, 0x0,
    0x5, 0xff, 0xfd, 0x0, 0x0, 0x0, 0x0, 0x0,
    0x1, 0xff, 0xff, 0x30, 0x0, 0x0, 0x0, 0x0,
    0x0, 0xcf, 0xff, 0x70, 0x0, 0x0, 0x0, 0x0,
    0x0, 0x7f, 0xff, 0xc0, 0x0, 0x0, 0x0, 0x0,
    0x0, 0x2f, 0xff, 0xe1, 0x0, 0x0, 0x0, 0x0,
    0x0, 0xd, 0xff, 0xf4, 0x0, 0x0, 0x0, 0x0,
    0x0, 0x8, 0xff, 0xfb, 0x55, 0x55, 0x55, 0x55,
    0x55, 0x42, 0xff, 0xff, 0xff, 0xff, 0xff, 0xff,
    0xff, 0xfe, 0x3f, 0xff, 0xff, 0xff, 0xff, 0xff,
    0xff, 0xff, 0xe3, 0xff, 0xff, 0xff, 0xff, 0xff,
    0xff, 0xff, 0xfe,

    /* U+005B "[" */
    0x2f, 0xff, 0xff, 0xf9, 0x2f, 0xff, 0xff, 0xf9,
    0x2f, 0xff, 0xff, 0xf9, 0x2f, 0xff, 0x90, 0x0,
    0x2f, 0xff, 0x80, 0x0, 0x2f, 0xff, 0x80, 0x0,
    0x2f, 0xff, 0x80, 0x0, 0x2f, 0xff, 0x80, 0x0,
    0x2f, 0xff, 0x80, 0x0, 0x2f, 0xff, 0x80, 0x0,
    0x2f, 0xff, 0x80, 0x0, 0x2f, 0xff, 0x80, 0x0,
    0x2f, 0xff, 0x80, 0x0, 0x2f, 0xff, 0x80, 0x0,
    0x2f, 0xff, 0x80, 0x0, 0x2f, 0xff, 0x80, 0x0,
    0x2f, 0xff, 0x80, 0x0, 0x2f, 0xff, 0x80, 0x0,
    0x2f, 0xff, 0x80, 0x0, 0x2f, 0xff, 0x80, 0x0,
    0x2f, 0xff, 0x80, 0x0, 0x2f, 0xff, 0x80, 0x0,
    0x2f, 0xff, 0x80, 0x0, 0x2f, 0xff, 0x80, 0x0,
    0x2f, 0xff, 0x90, 0x0, 0x2f, 0xff, 0xff, 0xf9,
    0x2f, 0xff, 0xff, 0xf9, 0x2f, 0xff, 0xff, 0xf9,

    /* U+005C "\\" */
    0x5f, 0xff, 0x0, 0x0, 0x0, 0x1, 0xff, 0xf3,
    0x0, 0x0, 0x0, 0xd, 0xff, 0x70, 0x0, 0x0,
    0x0, 0x9f, 0xfc, 0x0, 0x0, 0x0, 0x5, 0xff,
    0xf0, 0x0, 0x0, 0x0, 0x1f, 0xff, 0x40, 0x0,
    0x0, 0x0, 0xcf, 0xf8, 0x0, 0x0, 0x0, 0x8,
    0xff, 0xc0, 0x0, 0x0, 0x0, 0x4f, 0xff, 0x10,
    0x0, 0x0, 0x0, 0xff, 0xf5, 0x0, 0x0, 0x0,
    0xc, 0xff, 0x90, 0x0, 0x0, 0x0, 0x8f, 0xfd,
    0x0, 0x0, 0x0, 0x3, 0xff, 0xf1, 0x0, 0x0,
    0x0, 0xf, 0xff, 0x50, 0x0, 0x0, 0x0, 0xbf,
    0xf9, 0x0, 0x0, 0x0, 0x7, 0xff, 0xe0, 0x0,
    0x0, 0x0, 0x3f, 0xff, 0x20, 0x0, 0x0, 0x0,
    0xef, 0xf6, 0x0, 0x0, 0x0, 0xa, 0xff, 0xa0,
    0x0, 0x0, 0x0, 0x6f, 0xfe, 0x0, 0x0, 0x0,
    0x2, 0xff, 0xf2, 0x0, 0x0, 0x0, 0xe, 0xff,
    0x70, 0x0, 0x0, 0x0, 0xaf, 0xfb, 0x0, 0x0,
    0x0, 0x6, 0xff, 0xf0, 0x0, 0x0, 0x0, 0x1f,
    0xff, 0x30, 0x0, 0x0, 0x0, 0xdf, 0xf7, 0x0,
    0x0, 0x0, 0x9, 0xff, 0xb0,

    /* U+005D "]" */
    0x6f, 0xff, 0xff, 0xf5, 0x6f, 0xff, 0xff, 0xf5,
    0x6f, 0xff, 0xff, 0xf5, 0x0, 0x6, 0xff, 0xf5,
    0x0, 0x5, 0xff, 0xf5, 0x0, 0x5, 0xff, 0xf5,
    0x0, 0x5, 0xff, 0xf5, 0x0, 0x5, 0xff, 0xf5,
    0x0, 0x5, 0xff, 0xf5, 0x0, 0x5, 0xff, 0xf5,
    0x0, 0x5, 0xff, 0xf5, 0x0, 0x5, 0xff, 0xf5,
    0x0, 0x5, 0xff, 0xf5, 0x0, 0x5, 0xff, 0xf5,
    0x0, 0x5, 0xff, 0xf5, 0x0, 0x5, 0xff, 0xf5,
    0x0, 0x5, 0xff, 0xf5, 0x0, 0x5, 0xff, 0xf5,
    0x0, 0x5, 0xff, 0xf5, 0x0, 0x5, 0xff, 0xf5,
    0x0, 0x5, 0xff, 0xf5, 0x0, 0x5, 0xff, 0xf5,
    0x0, 0x5, 0xff, 0xf5, 0x0, 0x5, 0xff, 0xf5,
    0x0, 0x6, 0xff, 0xf5, 0x6f, 0xff, 0xff, 0xf5,
    0x6f, 0xff, 0xff, 0xf5, 0x6f, 0xff, 0xff, 0xf5,

    /* U+005E "^" */
    0x0, 0x0, 0x48, 0x87, 0x0, 0x0, 0x0, 0x0,
    0xe, 0xff, 0xf6, 0x0, 0x0, 0x0, 0x6, 0xff,
    0xff, 0xd0, 0x0, 0x0, 0x0, 0xdf, 0xfb, 0xff,
    0x50, 0x0, 0x0, 0x5f, 0xf9, 0x2f, 0xfc, 0x0,
    0x0, 0xd, 0xff, 0x20, 0xbf, 0xf4, 0x0, 0x4,
    0xff, 0xb0, 0x4, 0xff, 0xb0, 0x0, 0xcf, 0xf4,
    0x0, 0xd, 0xff, 0x30, 0x3f, 0xfd, 0x0, 0x0,
    0x6f, 0xfa, 0xb, 0xff, 0x60, 0x0, 0x0, 0xef,
    0xf2,

    /* U+005F "_" */
    0x22, 0x22, 0x22, 0x22, 0x22, 0x22, 0x22, 0xf,
    0xff, 0xff, 0xff, 0xff, 0xff, 0xff, 0xf1, 0xff,
    0xff, 0xff, 0xff, 0xff, 0xff, 0xff, 0x1f, 0xff,
    0xff, 0xff, 0xff, 0xff, 0xff, 0xf1,

    /* U+0060 "`" */
    0x49, 0x99, 0x10, 0x1, 0xef, 0xf7, 0x0, 0x5,
    0xff, 0xe0, 0x0, 0xb, 0xff, 0x60, 0x0, 0x1f,
    0xfd, 0x0,

    /* U+0061 "a" */
    0x0, 0x1, 0x7c, 0xef, 0xec, 0x81, 0x0, 0x0,
    0x6, 0xff, 0xff, 0xff, 0xff, 0xf6, 0x0, 0x6,
    0xff, 0xff, 0xff, 0xff, 0xff, 0xf4, 0x1, 0xff,
    0xff, 0x82, 0x2, 0xaf, 0xff, 0xc0, 0x28, 0xbe,
    0x70, 0x0, 0x0, 0xdf, 0xff, 0x10, 0x0, 0x0,
    0x0, 0x0, 0xa, 0xff, 0xf2, 0x0, 0x0, 0x0,
    0x0, 0x26, 0xef, 0xff, 0x30, 0x0, 0x49, 0xce,
    0xff, 0xff, 0xff, 0xf3, 0x3, 0xdf, 0xff, 0xff,
    0xff, 0xff, 0xff, 0x32, 0xff, 0xff, 0xea, 0x85,
    0x29, 0xff, 0xf3, 0xaf, 0xff, 0x80, 0x0, 0x0,
    0x9f, 0xff, 0x3d, 0xff, 0xe0, 0x0, 0x0, 0xb,
    0xff, 0xf3, 0xdf, 0xfe, 0x0, 0x0, 0x2, 0xff,
    0xff, 0x3a, 0xff, 0xf9, 0x10, 0x5, 0xef, 0xff,
    0xf3, 0x4f, 0xff, 0xff, 0xef, 0xff, 0xcf, 0xff,
    0x30, 0x8f, 0xff, 0xff, 0xff, 0x87, 0xff, 0xf3,
    0x0, 0x3a, 0xef, 0xeb, 0x40, 0x7f, 0xff, 0x30,

    /* U+0062 "b" */
    0xff, 0xfd, 0x0, 0x0, 0x0, 0x0, 0x0, 0x0,
    0xff, 0xfd, 0x0, 0x0, 0x0, 0x0, 0x0, 0x0,
    0xff, 0xfd, 0x0, 0x0, 0x0, 0x0, 0x0, 0x0,
    0xff, 0xfd, 0x0, 0x0, 0x0, 0x0, 0x0, 0x0,
    0xff, 0xfd, 0x0, 0x0, 0x0, 0x0, 0x0, 0x0,
    0xff, 0xfd, 0x1, 0x8d, 0xfe, 0xb4, 0x0, 0x0,
    0xff, 0xfd, 0x1d, 0xff, 0xff, 0xff, 0xa0, 0x0,
    0xff, 0xfd, 0xbf, 0xff, 0xff, 0xff, 0xfa, 0x0,
    0xff, 0xff, 0xfd, 0x63, 0x5b, 0xff, 0xff, 0x40,
    0xff, 0xff, 0xd0, 0x0, 0x0, 0xaf, 0xff, 0xb0,
    0xff, 0xff, 0x50, 0x0, 0x0, 0x1f, 0xff, 0xf1,
    0xff, 0xff, 0x0, 0x0, 0x0, 0xb, 0xff, 0xf4,
    0xff, 0xfd, 0x0, 0x0, 0x0, 0x9, 0xff, 0xf5,
    0xff, 0xfc, 0x0, 0x0, 0x0, 0x8, 0xff, 0xf6,
    0xff, 0xfd, 0x0, 0x0, 0x0, 0x9, 0xff, 0xf5,
    0xff, 0xff, 0x0, 0x0, 0x0, 0xc, 0xff, 0xf4,
    0xff, 0xff, 0x50, 0x0, 0x0, 0x2f, 0xff, 0xf1,
    0xff, 0xff, 0xd1, 0x0, 0x0, 0xaf, 0xff, 0xb0,
    0xff, 0xff, 0xfd, 0x63, 0x5b, 0xff, 0xff, 0x40,
    0xff, 0xfc, 0xbf, 0xff, 0xff, 0xff, 0xfa, 0x0,
    0xff, 0xfc, 0x1e, 0xff, 0xff, 0xff, 0xa0, 0x0,
    0xff, 0xfc, 0x1, 0x8d, 0xfe, 0xb4, 0x0, 0x0,

    /* U+0063 "c" */
    0x0, 0x0, 0x39, 0xdf, 0xfe, 0xa4, 0x0, 0x0,
    0x0, 0x8, 0xff, 0xff, 0xff, 0xff, 0xb1, 0x0,
    0x0, 0xaf, 0xff, 0xff, 0xff, 0xff, 0xfd, 0x0,
    0x6, 0xff, 0xff, 0x83, 0x37, 0xef, 0xff, 0x80,
    0xe, 0xff, 0xf5, 0x0, 0x0, 0x2f, 0xff, 0xf0,
    0x4f, 0xff, 0xd0, 0x0, 0x0, 0x8, 0xc8, 0x50,
    0x8f, 0xff, 0x70, 0x0, 0x0, 0x0, 0x0, 0x0,
    0x9f, 0xff, 0x40, 0x0, 0x0, 0x0, 0x0, 0x0,
    0xaf, 0xff, 0x30, 0x0, 0x0, 0x0, 0x0, 0x0,
    0x9f, 0xff, 0x40, 0x0, 0x0, 0x0, 0x0, 0x0,
    0x8f, 0xff, 0x70, 0x0, 0x0, 0x0, 0x0, 0x0,
    0x4f, 0xff, 0xc0, 0x0, 0x0, 0x8, 0xea, 0x71,
    0xe, 0xff, 0xf6, 0x0, 0x0, 0x2f, 0xff, 0xf0,
    0x6, 0xff, 0xff, 0x94, 0x37, 0xef, 0xff, 0x80,
    0x0, 0xaf, 0xff, 0xff, 0xff, 0xff, 0xfd, 0x0,
    0x0, 0x8, 0xff, 0xff, 0xff, 0xff, 0xc1, 0x0,
    0x0, 0x0, 0x39, 0xdf, 0xfe, 0xa5, 0x0, 0x0,

    /* U+0064 "d" */
    0x0, 0x0, 0x0, 0x0, 0x0, 0x1, 0xff, 0xfb,
    0x0, 0x0, 0x0, 0x0, 0x0, 0x1, 0xff, 0xfb,
    0x0, 0x0, 0x0, 0x0, 0x0, 0x1, 0xff, 0xfb,
    0x0, 0x0, 0x0, 0x0, 0x0, 0x1, 0xff, 0xfb,
    0x0, 0x0, 0x0, 0x0, 0x0, 0x1, 0xff, 0xfb,
    0x0, 0x0, 0x6c, 0xef, 0xc6, 0x1, 0xff, 0xfb,
    0x0, 0x2d, 0xff, 0xff, 0xff, 0xa1, 0xff, 0xfb,
    0x0, 0xef, 0xff, 0xff, 0xff, 0xf8, 0xff, 0xfb,
    0x9, 0xff, 0xff, 0x94, 0x37, 0xff, 0xff, 0xfb,
    0xf, 0xff, 0xf5, 0x0, 0x0, 0x3f, 0xff, 0xfb,
    0x5f, 0xff, 0xd0, 0x0, 0x0, 0x9, 0xff, 0xfb,
    0x8f, 0xff, 0x70, 0x0, 0x0, 0x3, 0xff, 0xfb,
    0x9f, 0xff, 0x50, 0x0, 0x0, 0x1, 0xff, 0xfb,
    0xaf, 0xff, 0x30, 0x0, 0x0, 0x0, 0xff, 0xfb,
    0x9f, 0xff, 0x50, 0x0, 0x0, 0x1, 0xff, 0xfb,
    0x8f, 0xff, 0x70, 0x0, 0x0, 0x4, 0xff, 0xfb,
    0x5f, 0xff, 0xd0, 0x0, 0x0, 0x9, 0xff, 0xfb,
    0xf, 0xff, 0xf6, 0x0, 0x0, 0x3f, 0xff, 0xfb,
    0x9, 0xff, 0xff, 0x94, 0x48, 0xff, 0xff, 0xfb,
    0x0, 0xef, 0xff, 0xff, 0xff, 0xf7, 0xff, 0xfb,
    0x0, 0x1d, 0xff, 0xff, 0xff, 0xb0, 0xff, 0xfb,
    0x0, 0x0, 0x6c, 0xef, 0xc6, 0x0, 0xff, 0xfb,

    /* U+0065 "e" */
    0x0, 0x0, 0x39, 0xdf, 0xfd, 0x82, 0x0, 0x0,
    0x0, 0x9, 0xff, 0xff, 0xff, 0xff, 0x80, 0x0,
    0x0, 0xaf, 0xff, 0xff, 0xff, 0xff, 0xf9, 0x0,
    0x6, 0xff, 0xfe, 0x51, 0x15, 0xef, 0xff, 0x50,
    0xe, 0xff, 0xf2, 0x0, 0x0, 0x2f, 0xff, 0xd0,
    0x4f, 0xff, 0x80, 0x0, 0x0, 0x9, 0xff, 0xf2,
    0x8f, 0xff, 0x30, 0x0, 0x0, 0x5, 0xff, 0xf5,
    0x9f, 0xff, 0xff, 0xff, 0xff, 0xff, 0xff, 0xf7,
    0xaf, 0xff, 0xff, 0xff, 0xff, 0xff, 0xff, 0xf7,
    0x9f, 0xff, 0xba, 0xaa, 0xaa, 0xaa, 0xaa, 0xa5,
    0x8f, 0xff, 0x30, 0x0, 0x0, 0x0, 0x0, 0x0,
    0x4f, 0xff, 0x70, 0x0, 0x0, 0x0, 0x0, 0x0,
    0xe, 0xff, 0xe1, 0x0, 0x0, 0x9, 0xfb, 0x81,
    0x6, 0xff, 0xfe, 0x62, 0x13, 0xaf, 0xff, 0xd0,
    0x0, 0xbf, 0xff, 0xff, 0xff, 0xff, 0xff, 0x30,
    0x0, 0x9, 0xff, 0xff, 0xff, 0xff, 0xe4, 0x0,
    0x0, 0x0, 0x39, 0xdf, 0xfe, 0xb6, 0x0, 0x0,

    /* U+0066 "f" */
    0x0, 0x0, 0x0, 0x2, 0x32, 0x0, 0x0, 0x0,
    0x8, 0xef, 0xff, 0xf2, 0x0, 0x0, 0xbf, 0xff,
    0xff, 0xf0, 0x0, 0x4, 0xff, 0xff, 0xff, 0xb0,
    0x0, 0x9, 0xff, 0xfa, 0x10, 0x10, 0x0, 0xb,
    0xff, 0xf2, 0x0, 0x0, 0x0, 0xb, 0xff, 0xf1,
    0x0, 0x0, 0xbf, 0xff, 0xff, 0xff, 0xff, 0xa0,
    0xbf, 0xff, 0xff, 0xff, 0xff, 0xa0, 0xbf, 0xff,
    0xff, 0xff, 0xff, 0xa0, 0x1, 0x1b, 0xff, 0xf2,
    0x11, 0x0, 0x0, 0xb, 0xff, 0xf1, 0x0, 0x0,
    0x0, 0xb, 0xff, 0xf1, 0x0, 0x0, 0x0, 0xb,
    0xff, 0xf1, 0x0, 0x0, 0x0, 0xb, 0xff, 0xf1,
    0x0, 0x0, 0x0, 0xb, 0xff, 0xf1, 0x0, 0x0,
    0x0, 0xb, 0xff, 0xf1, 0x0, 0x0, 0x0, 0xb,
    0xff, 0xf1, 0x0, 0x0, 0x0, 0xb, 0xff, 0xf1,
    0x0, 0x0, 0x0, 0xb, 0xff, 0xf1, 0x0, 0x0,
    0x0, 0xb, 0xff, 0xf1, 0x0, 0x0, 0x0, 0xb,
    0xff, 0xf1, 0x0, 0x0, 0x0, 0xb, 0xff, 0xf1,
    0x0, 0x0, 0x0, 0xb, 0xff, 0xf1, 0x0, 0x0,

    /* U+0067 "g" */
    0x0, 0x0, 0x6c, 0xff, 0xd7, 0x0, 0xff, 0xfc,
    0x0, 0x1c, 0xff, 0xff, 0xff, 0xb0, 0xff, 0xfc,
    0x0, 0xdf, 0xff, 0xff, 0xff, 0xf8, 0xff, 0xfc,
    0x8, 0xff, 0xff, 0x94, 0x37, 0xff, 0xff, 0xfc,
    0xf, 0xff, 0xf6, 0x0, 0x0, 0x3f, 0xff, 0xfc,
    0x4f, 0xff, 0xd0, 0x0, 0x0, 0xa, 0xff, 0xfc,
    0x8f, 0xff, 0x70, 0x0, 0x0, 0x4, 0xff, 0xfc,
    0x9f, 0xff, 0x50, 0x0, 0x0, 0x2, 0xff, 0xfc,
    0xaf, 0xff, 0x30, 0x0, 0x0, 0x0, 0xff, 0xfc,
    0xaf, 0xff, 0x40, 0x0, 0x0, 0x0, 0xff, 0xfc,
    0x8f, 0xff, 0x60, 0x0, 0x0, 0x3, 0xff, 0xfc,
    0x6f, 0xff, 0xc0, 0x0, 0x0, 0x7, 0xff, 0xfc,
    0x1f, 0xff, 0xf4, 0x0, 0x0, 0x1e, 0xff, 0xfc,
    0xa, 0xff, 0xff, 0x62, 0x15, 0xdf, 0xff, 0xfc,
    0x1, 0xef, 0xff, 0xff, 0xff, 0xf9, 0xff, 0xfc,
    0x0, 0x2d, 0xff, 0xff, 0xff, 0xb0, 0xff, 0xfc,
    0x0, 0x0, 0x7c, 0xef, 0xd7, 0x0, 0xff, 0xfb,
    0x0, 0x0, 0x0, 0x0, 0x0, 0x1, 0xff, 0xfa,
    0x0, 0x16, 0x40, 0x0, 0x0, 0x6, 0xff, 0xf7,
    0xc, 0xff, 0xf7, 0x20, 0x2, 0x8f, 0xff, 0xf1,
    0x5, 0xff, 0xff, 0xff, 0xff, 0xff, 0xff, 0x60,
    0x0, 0x5f, 0xff, 0xff, 0xff, 0xff, 0xf6, 0x0,
    0x0, 0x1, 0x7b, 0xef, 0xfe, 0xb7, 0x10, 0x0,

    /* U+0068 "h" */
    0xff, 0xfc, 0x0, 0x0, 0x0, 0x0, 0x0, 0xf,
    0xff, 0xc0, 0x0, 0x0, 0x0, 0x0, 0x0, 0xff,
    0xfc, 0x0, 0x0, 0x0, 0x0, 0x0, 0xf, 0xff,
    0xc0, 0x0, 0x0, 0x0, 0x0, 0x0, 0xff, 0xfc,
    0x0, 0x0, 0x0, 0x0, 0x0, 0xf, 0xff, 0xc0,
    0x18, 0xdf, 0xeb, 0x50, 0x0, 0xff, 0xfc, 0x1d,
    0xff, 0xff, 0xff, 0x90, 0xf, 0xff, 0xcb, 0xff,
    0xff, 0xff, 0xff, 0x60, 0xff, 0xff, 0xfc, 0x65,
    0x8f, 0xff, 0xfe, 0xf, 0xff, 0xfb, 0x0, 0x0,
    0x3f, 0xff, 0xf2, 0xff, 0xff, 0x20, 0x0, 0x0,
    0xbf, 0xff, 0x4f, 0xff, 0xe0, 0x0, 0x0, 0x8,
    0xff, 0xf5, 0xff, 0xfd, 0x0, 0x0, 0x0, 0x7f,
    0xff, 0x5f, 0xff, 0xd0, 0x0, 0x0, 0x7, 0xff,
    0xf5, 0xff, 0xfd, 0x0, 0x0, 0x0, 0x7f, 0xff,
    0x5f, 0xff, 0xd0, 0x0, 0x0, 0x7, 0xff, 0xf5,
    0xff, 0xfd, 0x0, 0x0, 0x0, 0x7f, 0xff, 0x5f,
    0xff, 0xd0, 0x0, 0x0, 0x7, 0xff, 0xf5, 0xff,
    0xfd, 0x0, 0x0, 0x0, 0x7f, 0xff, 0x5f, 0xff,
    0xd0, 0x0, 0x0, 0x7, 0xff, 0xf5, 0xff, 0xfd,
    0x0, 0x0, 0x0, 0x7f, 0xff, 0x5f, 0xff, 0xd0,
    0x0, 0x0, 0x7, 0xff, 0xf5,

    /* U+0069 "i" */
    0x0, 0x32, 0x0, 0xb, 0xff, 0x80, 0x3f, 0xff,
    0xf1, 0x2f, 0xff, 0xf0, 0x6, 0xee, 0x50, 0x0,
    0x0, 0x0, 0x0, 0x0, 0x0, 0xf, 0xff, 0xd0,
    0xf, 0xff, 0xd0, 0xf, 0xff, 0xd0, 0xf, 0xff,
    0xd0, 0xf, 0xff, 0xd0, 0xf, 0xff, 0xd0, 0xf,
    0xff, 0xd0, 0xf, 0xff, 0xd0, 0xf, 0xff, 0xd0,
    0xf, 0xff, 0xd0, 0xf, 0xff, 0xd0, 0xf, 0xff,
    0xd0, 0xf, 0xff, 0xd0, 0xf, 0xff, 0xd0, 0xf,
    0xff, 0xd0, 0xf, 0xff, 0xd0, 0xf, 0xff, 0xd0,

    /* U+006A "j" */
    0x0, 0x6, 0xee, 0x40, 0x0, 0x2f, 0xff, 0xf0,
    0x0, 0x3f, 0xff, 0xf1, 0x0, 0xb, 0xff, 0x80,
    0x0, 0x0, 0x32, 0x0, 0x0, 0x0, 0x0, 0x0,
    0x0, 0x0, 0x0, 0x0, 0x0, 0xf, 0xff, 0xd0,
    0x0, 0xf, 0xff, 0xd0, 0x0, 0xf, 0xff, 0xd0,
    0x0, 0xf, 0xff, 0xd0, 0x0, 0xf, 0xff, 0xd0,
    0x0, 0xf, 0xff, 0xd0, 0x0, 0xf, 0xff, 0xd0,
    0x0, 0xf, 0xff, 0xd0, 0x0, 0xf, 0xff, 0xd0,
    0x0, 0xf, 0xff, 0xd0, 0x0, 0xf, 0xff, 0xd0,
    0x0, 0xf, 0xff, 0xd0, 0x0, 0xf, 0xff, 0xd0,
    0x0, 0xf, 0xff, 0xd0, 0x0, 0xf, 0xff, 0xd0,
    0x0, 0xf, 0xff, 0xd0, 0x0, 0xf, 0xff, 0xd0,
    0x0, 0xf, 0xff, 0xd0, 0x0, 0x2f, 0xff, 0xc0,
    0x14, 0xcf, 0xff, 0x90, 0x9f, 0xff, 0xff, 0x30,
    0x9f, 0xff, 0xf8, 0x0, 0x9f, 0xea, 0x40, 0x0,

    /* U+006B "k" */
    0xff, 0xfd, 0x0, 0x0, 0x0, 0x0, 0x0, 0xf,
    0xff, 0xd0, 0x0, 0x0, 0x0, 0x0, 0x0, 0xff,
    0xfd, 0x0, 0x0, 0x0, 0x0, 0x0, 0xf, 0xff,
    0xd0, 0x0, 0x0, 0x0, 0x0, 0x0, 0xff, 0xfd,
    0x0, 0x0, 0x0, 0x0, 0x0, 0xf, 0xff, 0xd0,
    0x0, 0x0, 0x6f, 0xff, 0xe2, 0xff, 0xfd, 0x0,
    0x0, 0x4f, 0xff, 0xf3, 0xf, 0xff, 0xd0, 0x0,
    0x2f, 0xff, 0xf5, 0x0, 0xff, 0xfd, 0x0, 0x1e,
    0xff, 0xf7, 0x0, 0xf, 0xff, 0xd0, 0xc, 0xff,
    0xf9, 0x0, 0x0, 0xff, 0xfd, 0xb, 0xff, 0xfb,
    0x0, 0x0, 0xf, 0xff, 0xd9, 0xff, 0xfd, 0x0,
    0x0, 0x0, 0xff, 0xff, 0xff, 0xff, 0x50, 0x0,
    0x0, 0xf, 0xff, 0xff, 0xff, 0xfe, 0x0, 0x0,
    0x0, 0xff, 0xff, 0xfe, 0xff, 0xfa, 0x0, 0x0,
    0xf, 0xff, 0xf8, 0x3f, 0xff, 0xf5, 0x0, 0x0,
    0xff, 0xfd, 0x0, 0x8f, 0xff, 0xe1, 0x0, 0xf,
    0xff, 0xd0, 0x0, 0xcf, 0xff, 0xb0, 0x0, 0xff,
    0xfd, 0x0, 0x2, 0xff, 0xff, 0x60, 0xf, 0xff,
    0xd0, 0x0, 0x7, 0xff, 0xff, 0x20, 0xff, 0xfd,
    0x0, 0x0, 0xb, 0xff, 0xfc, 0xf, 0xff, 0xd0,
    0x0, 0x0, 0x1e, 0xff, 0xf8,

    /* U+006C "l" */
    0xff, 0xfd, 0xff, 0xfd, 0xff, 0xfd, 0xff, 0xfd,
    0xff, 0xfd, 0xff, 0xfd, 0xff, 0xfd, 0xff, 0xfd,
    0xff, 0xfd, 0xff, 0xfd, 0xff, 0xfd, 0xff, 0xfd,
    0xff, 0xfd, 0xff, 0xfd, 0xff, 0xfd, 0xff, 0xfd,
    0xff, 0xfd, 0xff, 0xfd, 0xff, 0xfd, 0xff, 0xfd,
    0xff, 0xfd, 0xff, 0xfd,

    /* U+006D "m" */
    0xff, 0xf9, 0x1, 0x9d, 0xfc, 0x50, 0x0, 0x17,
    0xdf, 0xeb, 0x40, 0xf, 0xff, 0xa2, 0xef, 0xff,
    0xff, 0x70, 0x2d, 0xff, 0xff, 0xff, 0x70, 0xff,
    0xfa, 0xcf, 0xff, 0xff, 0xff, 0x1d, 0xff, 0xff,
    0xff, 0xff, 0x3f, 0xff, 0xff, 0xb6, 0x7d, 0xff,
    0xfc, 0xfe, 0x76, 0x9f, 0xff, 0xfa, 0xff, 0xff,
    0x80, 0x0, 0xd, 0xff, 0xfe, 0x10, 0x0, 0x5f,
    0xff, 0xef, 0xff, 0xf0, 0x0, 0x0, 0x7f, 0xff,
    0x80, 0x0, 0x0, 0xff, 0xff, 0xff, 0xfd, 0x0,
    0x0, 0x5, 0xff, 0xf6, 0x0, 0x0, 0xd, 0xff,
    0xff, 0xff, 0xd0, 0x0, 0x0, 0x5f, 0xff, 0x50,
    0x0, 0x0, 0xdf, 0xff, 0xff, 0xfd, 0x0, 0x0,
    0x5, 0xff, 0xf5, 0x0, 0x0, 0xd, 0xff, 0xff,
    0xff, 0xd0, 0x0, 0x0, 0x5f, 0xff, 0x50, 0x0,
    0x0, 0xdf, 0xff, 0xff, 0xfd, 0x0, 0x0, 0x5,
    0xff, 0xf5, 0x0, 0x0, 0xd, 0xff, 0xff, 0xff,
    0xd0, 0x0, 0x0, 0x5f, 0xff, 0x50, 0x0, 0x0,
    0xdf, 0xff, 0xff, 0xfd, 0x0, 0x0, 0x5, 0xff,
    0xf5, 0x0, 0x0, 0xd, 0xff, 0xff, 0xff, 0xd0,
    0x0, 0x0, 0x5f, 0xff, 0x50, 0x0, 0x0, 0xdf,
    0xff, 0xff, 0xfd, 0x0, 0x0, 0x5, 0xff, 0xf5,
    0x0, 0x0, 0xd, 0xff, 0xff, 0xff, 0xd0, 0x0,
    0x0, 0x5f, 0xff, 0x50, 0x0, 0x0, 0xdf, 0xff,
    0xff, 0xfd, 0x0, 0x0, 0x5, 0xff, 0xf5, 0x0,
    0x0, 0xd, 0xff, 0xf0,

    /* U+006E "n" */
    0xff, 0xfa, 0x1, 0x8d, 0xfe, 0xb5, 0x0, 0xf,
    0xff, 0xa2, 0xef, 0xff, 0xff, 0xf9, 0x0, 0xff,
    0xfa, 0xcf, 0xff, 0xff, 0xff, 0xf6, 0xf, 0xff,
    0xff, 0xa3, 0x25, 0xef, 0xff, 0xd0, 0xff, 0xff,
    0x90, 0x0, 0x2, 0xff, 0xff, 0x2f, 0xff, 0xf1,
    0x0, 0x0, 0xa, 0xff, 0xf4, 0xff, 0xfe, 0x0,
    0x0, 0x0, 0x8f, 0xff, 0x5f, 0xff, 0xd0, 0x0,
    0x0, 0x7, 0xff, 0xf5, 0xff, 0xfd, 0x0, 0x0,
    0x0, 0x7f, 0xff, 0x5f, 0xff, 0xd0, 0x0, 0x0,
    0x7, 0xff, 0xf5, 0xff, 0xfd, 0x0, 0x0, 0x0,
    0x7f, 0xff, 0x5f, 0xff, 0xd0, 0x0, 0x0, 0x7,
    0xff, 0xf5, 0xff, 0xfd, 0x0, 0x0, 0x0, 0x7f,
    0xff, 0x5f, 0xff, 0xd0, 0x0, 0x0, 0x7, 0xff,
    0xf5, 0xff, 0xfd, 0x0, 0x0, 0x0, 0x7f, 0xff,
    0x5f, 0xff, 0xd0, 0x0, 0x0, 0x7, 0xff, 0xf5,
    0xff, 0xfd, 0x0, 0x0, 0x0, 0x7f, 0xff, 0x50,

    /* U+006F "o" */
    0x0, 0x0, 0x39, 0xdf, 0xfe, 0xa5, 0x0, 0x0,
    0x0, 0x8, 0xff, 0xff, 0xff, 0xff, 0xb1, 0x0,
    0x0, 0xaf, 0xff, 0xff, 0xff, 0xff, 0xfd, 0x0,
    0x6, 0xff, 0xff, 0x94, 0x37, 0xef, 0xff, 0xa0,
    0xe, 0xff, 0xf5, 0x0, 0x0, 0x2f, 0xff, 0xf2,
    0x4f, 0xff, 0xc0, 0x0, 0x0, 0x8, 0xff, 0xf8,
    0x8f, 0xff, 0x60, 0x0, 0x0, 0x2, 0xff, 0xfc,
    0x9f, 0xff, 0x40, 0x0, 0x0, 0x0, 0xff, 0xfd,
    0xaf, 0xff, 0x30, 0x0, 0x0, 0x0, 0xef, 0xff,
    0x9f, 0xff, 0x40, 0x0, 0x0, 0x0, 0xff, 0xfd,
    0x8f, 0xff, 0x60, 0x0, 0x0, 0x2, 0xff, 0xfc,
    0x4f, 0xff, 0xc0, 0x0, 0x0, 0x8, 0xff, 0xf8,
    0xe, 0xff, 0xf5, 0x0, 0x0, 0x2f, 0xff, 0xf2,
    0x6, 0xff, 0xff, 0x94, 0x37, 0xef, 0xff, 0xa0,
    0x0, 0xaf, 0xff, 0xff, 0xff, 0xff, 0xfd, 0x0,
    0x0, 0x8, 0xff, 0xff, 0xff, 0xff, 0xb1, 0x0,
    0x0, 0x0, 0x39, 0xdf, 0xfe, 0xa5, 0x0, 0x0,

    /* U+0070 "p" */
    0xff, 0xfc, 0x1, 0x9e, 0xfe, 0xb4, 0x0, 0x0,
    0xff, 0xfc, 0x2e, 0xff, 0xff, 0xff, 0xa0, 0x0,
    0xff, 0xfc, 0xdf, 0xff, 0xff, 0xff, 0xfa, 0x0,
    0xff, 0xff, 0xfb, 0x30, 0x18, 0xff, 0xff, 0x40,
    0xff, 0xff, 0xc0, 0x0, 0x0, 0x8f, 0xff, 0xb0,
    0xff, 0xff, 0x40, 0x0, 0x0, 0x1f, 0xff, 0xf1,
    0xff, 0xff, 0x0, 0x0, 0x0, 0xb, 0xff, 0xf4,
    0xff, 0xfd, 0x0, 0x0, 0x0, 0x9, 0xff, 0xf5,
    0xff, 0xfc, 0x0, 0x0, 0x0, 0x8, 0xff, 0xf6,
    0xff, 0xfd, 0x0, 0x0, 0x0, 0x9, 0xff, 0xf5,
    0xff, 0xff, 0x0, 0x0, 0x0, 0xc, 0xff, 0xf4,
    0xff, 0xff, 0x50, 0x0, 0x0, 0x2f, 0xff, 0xf1,
    0xff, 0xff, 0xd1, 0x0, 0x0, 0xaf, 0xff, 0xb0,
    0xff, 0xff, 0xfd, 0x63, 0x5b, 0xff, 0xff, 0x40,
    0xff, 0xfd, 0xbf, 0xff, 0xff, 0xff, 0xfa, 0x0,
    0xff, 0xfd, 0x1d, 0xff, 0xff, 0xff, 0xa0, 0x0,
    0xff, 0xfd, 0x1, 0x8d, 0xfe, 0xb4, 0x0, 0x0,
    0xff, 0xfd, 0x0, 0x0, 0x0, 0x0, 0x0, 0x0,
    0xff, 0xfd, 0x0, 0x0, 0x0, 0x0, 0x0, 0x0,
    0xff, 0xfd, 0x0, 0x0, 0x0, 0x0, 0x0, 0x0,
    0xff, 0xfd, 0x0, 0x0, 0x0, 0x0, 0x0, 0x0,
    0xff, 0xfd, 0x0, 0x0, 0x0, 0x0, 0x0, 0x0,
    0xff, 0xfd, 0x0, 0x0, 0x0, 0x0, 0x0, 0x0,

    /* U+0071 "q" */
    0x0, 0x0, 0x6c, 0xef, 0xc6, 0x0, 0xff, 0xfb,
    0x0, 0x2d, 0xff, 0xff, 0xff, 0xa0, 0xff, 0xfb,
    0x0, 0xef, 0xff, 0xff, 0xff, 0xf7, 0xff, 0xfb,
    0x9, 0xff, 0xff, 0x94, 0x37, 0xff, 0xff, 0xfb,
    0xf, 0xff, 0xf5, 0x0, 0x0, 0x3f, 0xff, 0xfb,
    0x5f, 0xff, 0xd0, 0x0, 0x0, 0x9, 0xff, 0xfb,
    0x8f, 0xff, 0x70, 0x0, 0x0, 0x3, 0xff, 0xfb,
    0x9f, 0xff, 0x50, 0x0, 0x0, 0x1, 0xff, 0xfb,
    0xaf, 0xff, 0x30, 0x0, 0x0, 0x0, 0xff, 0xfb,
    0x9f, 0xff, 0x50, 0x0, 0x0, 0x1, 0xff, 0xfb,
    0x8f, 0xff, 0x70, 0x0, 0x0, 0x4, 0xff, 0xfb,
    0x5f, 0xff, 0xd0, 0x0, 0x0, 0x9, 0xff, 0xfb,
    0xf, 0xff, 0xf6, 0x0, 0x0, 0x3f, 0xff, 0xfb,
    0x9, 0xff, 0xff, 0x94, 0x48, 0xff, 0xff, 0xfb,
    0x0, 0xef, 0xff, 0xff, 0xff, 0xf8, 0xff, 0xfb,
    0x0, 0x1d, 0xff, 0xff, 0xff, 0xa1, 0xff, 0xfb,
    0x0, 0x0, 0x6c, 0xef, 0xc6, 0x1, 0xff, 0xfb,
    0x0, 0x0, 0x0, 0x0, 0x0, 0x1, 0xff, 0xfb,
    0x0, 0x0, 0x0, 0x0, 0x0, 0x1, 0xff, 0xfb,
    0x0, 0x0, 0x0, 0x0, 0x0, 0x1, 0xff, 0xfb,
    0x0, 0x0, 0x0, 0x0, 0x0, 0x1, 0xff, 0xfb,
    0x0, 0x0, 0x0, 0x0, 0x0, 0x1, 0xff, 0xfb,
    0x0, 0x0, 0x0, 0x0, 0x0, 0x1, 0xff, 0xfb,

    /* U+0072 "r" */
    0x0, 0x0, 0x0, 0x0, 0x0, 0xff, 0xfb, 0x4,
    0xbf, 0xf5, 0xff, 0xfb, 0x5f, 0xff, 0xf5, 0xff,
    0xfc, 0xef, 0xff, 0xf5, 0xff, 0xff, 0xfd, 0x64,
    0x52, 0xff, 0xff, 0xb0, 0x0, 0x0, 0xff, 0xff,
    0x10, 0x0, 0x0, 0xff, 0xfd, 0x0, 0x0, 0x0,
    0xff, 0xfd, 0x0, 0x0, 0x0, 0xff, 0xfd, 0x0,
    0x0, 0x0, 0xff, 0xfd, 0x0, 0x0, 0x0, 0xff,
    0xfd, 0x0, 0x0, 0x0, 0xff, 0xfd, 0x0, 0x0,
    0x0, 0xff, 0xfd, 0x0, 0x0, 0x0, 0xff, 0xfd,
    0x0, 0x0, 0x0, 0xff, 0xfd, 0x0, 0x0, 0x0,
    0xff, 0xfd, 0x0, 0x0, 0x0, 0xff, 0xfd, 0x0,
    0x0, 0x0,

    /* U+0073 "s" */
    0x0, 0x2, 0x8d, 0xef, 0xec, 0x70, 0x0, 0x0,
    0x8, 0xff, 0xff, 0xff, 0xff, 0xe3, 0x0, 0x7,
    0xff, 0xff, 0xff, 0xff, 0xff, 0xe1, 0x0, 0xff,
    0xff, 0x60, 0x1, 0xaf, 0xff, 0x90, 0x2f, 0xff,
    0xa0, 0x0, 0x0, 0xbc, 0x84, 0x3, 0xff, 0xfc,
    0x0, 0x0, 0x0, 0x0, 0x0, 0xf, 0xff, 0xfc,
    0x62, 0x0, 0x0, 0x0, 0x0, 0x7f, 0xff, 0xff,
    0xfe, 0xb7, 0x10, 0x0, 0x0, 0x6e, 0xff, 0xff,
    0xff, 0xff, 0x80, 0x0, 0x0, 0x5, 0x9d, 0xff,
    0xff, 0xff, 0x80, 0x0, 0x0, 0x0, 0x0, 0x4b,
    0xff, 0xff, 0x10, 0x1, 0x40, 0x0, 0x0, 0xc,
    0xff, 0xf3, 0x7e, 0xff, 0x40, 0x0, 0x0, 0xcf,
    0xff, 0x25, 0xff, 0xfe, 0x51, 0x2, 0x9f, 0xff,
    0xd0, 0xb, 0xff, 0xff, 0xff, 0xff, 0xff, 0xf4,
    0x0, 0x1b, 0xff, 0xff, 0xff, 0xff, 0xe5, 0x0,
    0x0, 0x4, 0xad, 0xff, 0xeb, 0x71, 0x0, 0x0,

    /* U+0074 "t" */
    0x0, 0x6f, 0xff, 0x70, 0x0, 0x0, 0x6, 0xff,
    0xf7, 0x0, 0x0, 0x0, 0x6f, 0xff, 0x70, 0x0,
    0x0, 0x6, 0xff, 0xf7, 0x0, 0x0, 0xbf, 0xff,
    0xff, 0xff, 0xf9, 0xb, 0xff, 0xff, 0xff, 0xff,
    0x90, 0xbf, 0xff, 0xff, 0xff, 0xf9, 0x0, 0x16,
    0xff, 0xf7, 0x11, 0x0, 0x0, 0x6f, 0xff, 0x70,
    0x0, 0x0, 0x6, 0xff, 0xf7, 0x0, 0x0, 0x0,
    0x6f, 0xff, 0x70, 0x0, 0x0, 0x6, 0xff, 0xf7,
    0x0, 0x0, 0x0, 0x6f, 0xff, 0x70, 0x0, 0x0,
    0x6, 0xff, 0xf7, 0x0, 0x0, 0x0, 0x6f, 0xff,
    0x70, 0x0, 0x0, 0x6, 0xff, 0xf7, 0x0, 0x0,
    0x0, 0x5f, 0xff, 0x70, 0x0, 0x0, 0x4, 0xff,
    0xfd, 0x43, 0x20, 0x0, 0xe, 0xff, 0xff, 0xf9,
    0x0, 0x0, 0x6f, 0xff, 0xff, 0xd0, 0x0, 0x0,
    0x4b, 0xef, 0xeb, 0x0,

    /* U+0075 "u" */
    0xff, 0xfd, 0x0, 0x0, 0x0, 0x7f, 0xff, 0x5f,
    0xff, 0xd0, 0x0, 0x0, 0x7, 0xff, 0xf5, 0xff,
    0xfd, 0x0, 0x0, 0x0, 0x7f, 0xff, 0x5f, 0xff,
    0xd0, 0x0, 0x0, 0x7, 0xff, 0xf5, 0xff, 0xfd,
    0x0, 0x0, 0x0, 0x7f, 0xff, 0x5f, 0xff, 0xd0,
    0x0, 0x0, 0x7, 0xff, 0xf5, 0xff, 0xfd, 0x0,
    0x0, 0x0, 0x7f, 0xff, 0x5f, 0xff, 0xd0, 0x0,
    0x0, 0x7, 0xff, 0xf5, 0xff, 0xfd, 0x0, 0x0,
    0x0, 0x7f, 0xff, 0x5f, 0xff, 0xd0, 0x0, 0x0,
    0x7, 0xff, 0xf5, 0xff, 0xfe, 0x0, 0x0, 0x0,
    0x9f, 0xff, 0x5e, 0xff, 0xf1, 0x0, 0x0, 0xc,
    0xff, 0xf5, 0xcf, 0xff, 0x90, 0x0, 0x6, 0xff,
    0xff, 0x58, 0xff, 0xff, 0xb6, 0x6a, 0xfe, 0xff,
    0xf5, 0x1f, 0xff, 0xff, 0xff, 0xff, 0x6f, 0xff,
    0x50, 0x4f, 0xff, 0xff, 0xff, 0x54, 0xff, 0xf5,
    0x0, 0x29, 0xef, 0xea, 0x30, 0x4f, 0xff, 0x50,

    /* U+0076 "v" */
    0x3f, 0xff, 0xc0, 0x0, 0x0, 0x0, 0x2f, 0xff,
    0xd0, 0xe, 0xff, 0xf2, 0x0, 0x0, 0x0, 0x7f,
    0xff, 0x80, 0x8, 0xff, 0xf7, 0x0, 0x0, 0x0,
    0xcf, 0xff, 0x20, 0x2, 0xff, 0xfc, 0x0, 0x0,
    0x1, 0xff, 0xfc, 0x0, 0x0, 0xcf, 0xff, 0x10,
    0x0, 0x7, 0xff, 0xf6, 0x0, 0x0, 0x7f, 0xff,
    0x60, 0x0, 0xc, 0xff, 0xf1, 0x0, 0x0, 0x1f,
    0xff, 0xb0, 0x0, 0x1f, 0xff, 0xb0, 0x0, 0x0,
    0xb, 0xff, 0xf1, 0x0, 0x6f, 0xff, 0x50, 0x0,
    0x0, 0x6, 0xff, 0xf6, 0x0, 0xbf, 0xff, 0x0,
    0x0, 0x0, 0x0, 0xff, 0xfb, 0x0, 0xff, 0xf9,
    0x0, 0x0, 0x0, 0x0, 0xaf, 0xff, 0x5, 0xff,
    0xf4, 0x0, 0x0, 0x0, 0x0, 0x4f, 0xff, 0x49,
    0xff, 0xe0, 0x0, 0x0, 0x0, 0x0, 0xe, 0xff,
    0x8d, 0xff, 0x80, 0x0, 0x0, 0x0, 0x0, 0x9,
    0xff, 0xdf, 0xff, 0x20, 0x0, 0x0, 0x0, 0x0,
    0x3, 0xff, 0xff, 0xfd, 0x0, 0x0, 0x0, 0x0,
    0x0, 0x0, 0xdf, 0xff, 0xf7, 0x0, 0x0, 0x0,
    0x0, 0x0, 0x0, 0x8f, 0xff, 0xf1, 0x0, 0x0,
    0x0,

    /* U+0077 "w" */
    0x3f, 0xff, 0xc0, 0x0, 0x0, 0x5f, 0xff, 0x80,
    0x0, 0x0, 0xaf, 0xff, 0x60, 0xef, 0xff, 0x0,
    0x0, 0x9, 0xff, 0xfc, 0x0, 0x0, 0xd, 0xff,
    0xf1, 0xa, 0xff, 0xf4, 0x0, 0x0, 0xdf, 0xff,
    0xf0, 0x0, 0x1, 0xff, 0xfc, 0x0, 0x5f, 0xff,
    0x80, 0x0, 0x1f, 0xff, 0xff, 0x40, 0x0, 0x5f,
    0xff, 0x80, 0x1, 0xff, 0xfb, 0x0, 0x5, 0xff,
    0xff, 0xf8, 0x0, 0x9, 0xff, 0xf3, 0x0, 0xc,
    0xff, 0xf0, 0x0, 0x9f, 0xf9, 0xff, 0xc0, 0x0,
    0xdf, 0xfe, 0x0, 0x0, 0x7f, 0xff, 0x30, 0xd,
    0xff, 0x2f, 0xff, 0x0, 0x1f, 0xff, 0xa0, 0x0,
    0x3, 0xff, 0xf7, 0x1, 0xff, 0xe0, 0xcf, 0xf3,
    0x5, 0xff, 0xf5, 0x0, 0x0, 0xe, 0xff, 0xa0,
    0x4f, 0xfa, 0x8, 0xff, 0x70, 0x8f, 0xff, 0x10,
    0x0, 0x0, 0xaf, 0xfe, 0x8, 0xff, 0x60, 0x4f,
    0xfa, 0xc, 0xff, 0xc0, 0x0, 0x0, 0x5, 0xff,
    0xf1, 0xcf, 0xf2, 0x0, 0xff, 0xe0, 0xff, 0xf8,
    0x0, 0x0, 0x0, 0x1f, 0xff, 0x5f, 0xfe, 0x0,
    0xb, 0xff, 0x4f, 0xff, 0x30, 0x0, 0x0, 0x0,
    0xcf, 0xfb, 0xff, 0x90, 0x0, 0x7f, 0xfb, 0xff,
    0xe0, 0x0, 0x0, 0x0, 0x7, 0xff, 0xff, 0xf5,
    0x0, 0x2, 0xff, 0xff, 0xfa, 0x0, 0x0, 0x0,
    0x0, 0x3f, 0xff, 0xff, 0x10, 0x0, 0xe, 0xff,
    0xff, 0x50, 0x0, 0x0, 0x0, 0x0, 0xef, 0xff,
    0xc0, 0x0, 0x0, 0x9f, 0xff, 0xf1, 0x0, 0x0,
    0x0, 0x0, 0xa, 0xff, 0xf8, 0x0, 0x0, 0x5,
    0xff, 0xfc, 0x0, 0x0, 0x0,

    /* U+0078 "x" */
    0xa, 0xff, 0xf8, 0x0, 0x0, 0x5, 0xff, 0xfc,
    0x0, 0x1e, 0xff, 0xf2, 0x0, 0x0, 0xef, 0xff,
    0x20, 0x0, 0x6f, 0xff, 0xb0, 0x0, 0x8f, 0xff,
    0x80, 0x0, 0x0, 0xcf, 0xff, 0x30, 0x1f, 0xff,
    0xd0, 0x0, 0x0, 0x2, 0xff, 0xfb, 0x9, 0xff,
    0xf4, 0x0, 0x0, 0x0, 0x8, 0xff, 0xf5, 0xff,
    0xfa, 0x0, 0x0, 0x0, 0x0, 0xe, 0xff, 0xff,
    0xff, 0x10, 0x0, 0x0, 0x0, 0x0, 0x5f, 0xff,
    0xff, 0x60, 0x0, 0x0, 0x0, 0x0, 0x1, 0xff,
    0xff, 0xf1, 0x0, 0x0, 0x0, 0x0, 0x0, 0x9f,
    0xff, 0xff, 0x90, 0x0, 0x0, 0x0, 0x0, 0x3f,
    0xff, 0xcf, 0xff, 0x40, 0x0, 0x0, 0x0, 0xd,
    0xff, 0xe1, 0xef, 0xfd, 0x0, 0x0, 0x0, 0x7,
    0xff, 0xf7, 0x7, 0xff, 0xf8, 0x0, 0x0, 0x2,
    0xff, 0xfe, 0x0, 0xd, 0xff, 0xf2, 0x0, 0x0,
    0xbf, 0xff, 0x50, 0x0, 0x4f, 0xff, 0xc0, 0x0,
    0x5f, 0xff, 0xb0, 0x0, 0x0, 0xbf, 0xff, 0x60,
    0xe, 0xff, 0xf2, 0x0, 0x0, 0x2, 0xff, 0xfe,
    0x10,

    /* U+0079 "y" */
    0x3f, 0xff, 0xc0, 0x0, 0x0, 0x0, 0x2f, 0xff,
    0xe0, 0xd, 0xff, 0xf2, 0x0, 0x0, 0x0, 0x7f,
    0xff, 0x80, 0x8, 0xff, 0xf7, 0x0, 0x0, 0x0,
    0xcf, 0xff, 0x20, 0x2, 0xff, 0xfc, 0x0, 0x0,
    0x2, 0xff, 0xfc, 0x0, 0x0, 0xcf, 0xff, 0x10,
    0x0, 0x7, 0xff, 0xf6, 0x0, 0x0, 0x6f, 0xff,
    0x70, 0x0, 0xd, 0xff, 0xf0, 0x0, 0x0, 0xf,
    0xff, 0xc0, 0x0, 0x2f, 0xff, 0xa0, 0x0, 0x0,
    0xa, 0xff, 0xf1, 0x0, 0x8f, 0xff, 0x40, 0x0,
    0x0, 0x4, 0xff, 0xf7, 0x0, 0xdf, 0xfe, 0x0,
    0x0, 0x0, 0x0, 0xef, 0xfc, 0x2, 0xff, 0xf8,
    0x0, 0x0, 0x0, 0x0, 0x8f, 0xff, 0x7, 0xff,
    0xf2, 0x0, 0x0, 0x0, 0x0, 0x2f, 0xff, 0x4c,
    0xff, 0xc0, 0x0, 0x0, 0x0, 0x0, 0xc, 0xff,
    0x9f, 0xff, 0x60, 0x0, 0x0, 0x0, 0x0, 0x7,
    0xff, 0xff, 0xff, 0x0, 0x0, 0x0, 0x0, 0x0,
    0x1, 0xff, 0xff, 0xfa, 0x0, 0x0, 0x0, 0x0,
    0x0, 0x0, 0xbf, 0xff, 0xf4, 0x0, 0x0, 0x0,
    0x0, 0x0, 0x0, 0x5f, 0xff, 0xe0, 0x0, 0x0,
    0x0, 0x0, 0x0, 0x0, 0x6f, 0xff, 0x80, 0x0,
    0x0, 0x0, 0x0, 0x0, 0x0, 0xcf, 0xff, 0x20,
    0x0, 0x0, 0x0, 0x0, 0x14, 0x28, 0xff, 0xfa,
    0x0, 0x0, 0x0, 0x0, 0x0, 0x8f, 0xff, 0xff,
    0xf2, 0x0, 0x0, 0x0, 0x0, 0x0, 0xdf, 0xff,
    0xff, 0x50, 0x0, 0x0, 0x0, 0x0, 0x0, 0xce,
    0xfe, 0xa3, 0x0, 0x0, 0x0, 0x0, 0x0,

    /* U+007A "z" */
    0xf, 0xff, 0xff, 0xff, 0xff, 0xff, 0xfe, 0x0,
    0xff, 0xff, 0xff, 0xff, 0xff, 0xff, 0xe0, 0xf,
    0xff, 0xff, 0xff, 0xff, 0xff, 0xfe, 0x0, 0x55,
    0x55, 0x55, 0x56, 0xff, 0xff, 0x50, 0x0, 0x0,
    0x0, 0x0, 0xaf, 0xff, 0x90, 0x0, 0x0, 0x0,
    0x0, 0x6f, 0xff, 0xd0, 0x0, 0x0, 0x0, 0x0,
    0x3f, 0xff, 0xf2, 0x0, 0x0, 0x0, 0x0, 0xd,
    0xff, 0xf6, 0x0, 0x0, 0x0, 0x0, 0xa, 0xff,
    0xfa, 0x0, 0x0, 0x0, 0x0, 0x6, 0xff, 0xfd,
    0x0, 0x0, 0x0, 0x0, 0x3, 0xff, 0xff, 0x30,
    0x0, 0x0, 0x0, 0x1, 0xdf, 0xff, 0x70, 0x0,
    0x0, 0x0, 0x0, 0xbf, 0xff, 0xb0, 0x0, 0x0,
    0x0, 0x0, 0x7f, 0xff, 0xf6, 0x55, 0x55, 0x55,
    0x50, 0x2f, 0xff, 0xff, 0xff, 0xff, 0xff, 0xff,
    0x33, 0xff, 0xff, 0xff, 0xff, 0xff, 0xff, 0xf3,
    0x3f, 0xff, 0xff, 0xff, 0xff, 0xff, 0xff, 0x30,

    /* U+007B "{" */
    0x0, 0x0, 0x1, 0x7b, 0xef, 0x0, 0x0, 0x3,
    0xff, 0xff, 0xf0, 0x0, 0x0, 0xef, 0xff, 0xff,
    0x0, 0x0, 0x6f, 0xff, 0xc4, 0x10, 0x0, 0x9,
    0xff, 0xf2, 0x0, 0x0, 0x0, 0xaf, 0xfe, 0x0,
    0x0, 0x0, 0xb, 0xff, 0xd0, 0x0, 0x0, 0x0,
    0xbf, 0xfd, 0x0, 0x0, 0x0, 0xb, 0xff, 0xd0,
    0x0, 0x0, 0x0, 0xbf, 0xfd, 0x0, 0x0, 0x0,
    0xe, 0xff, 0xc0, 0x0, 0x0, 0x6, 0xff, 0xf9,
    0x0, 0x0, 0xad, 0xff, 0xfe, 0x20, 0x0, 0xf,
    0xff, 0xfa, 0x20, 0x0, 0x0, 0xff, 0xfd, 0x50,
    0x0, 0x0, 0xf, 0xff, 0xff, 0xc0, 0x0, 0x0,
    0x2, 0xaf, 0xff, 0x80, 0x0, 0x0, 0x0, 0xff,
    0xfb, 0x0, 0x0, 0x0, 0xc, 0xff, 0xd0, 0x0,
    0x0, 0x0, 0xbf, 0xfd, 0x0, 0x0, 0x0, 0xb,
    0xff, 0xd0, 0x0, 0x0, 0x0, 0xbf, 0xfd, 0x0,
    0x0, 0x0, 0xa, 0xff, 0xe0, 0x0, 0x0, 0x0,
    0x9f, 0xff, 0x20, 0x0, 0x0, 0x6, 0xff, 0xfc,
    0x30, 0x0, 0x0, 0x1e, 0xff, 0xff, 0xf0, 0x0,
    0x0, 0x3f, 0xff, 0xff, 0x0, 0x0, 0x0, 0x18,
    0xce, 0xf0,

    /* U+007C "|" */
    0x6f, 0xff, 0x26, 0xff, 0xf2, 0x6f, 0xff, 0x26,
    0xff, 0xf2, 0x6f, 0xff, 0x26, 0xff, 0xf2, 0x6f,
    0xff, 0x26, 0xff, 0xf2, 0x6f, 0xff, 0x26, 0xff,
    0xf2, 0x6f, 0xff, 0x26, 0xff, 0xf2, 0x6f, 0xff,
    0x26, 0xff, 0xf2, 0x6f, 0xff, 0x26, 0xff, 0xf2,
    0x6f, 0xff, 0x26, 0xff, 0xf2, 0x6f, 0xff, 0x26,
    0xff, 0xf2, 0x6f, 0xff, 0x26, 0xff, 0xf2, 0x6f,
    0xff, 0x26, 0xff, 0xf2, 0x6f, 0xff, 0x26, 0xff,
    0xf2, 0x6f, 0xff, 0x26, 0xff, 0xf2, 0x6f, 0xff,
    0x26, 0xff, 0xf2, 0x6f, 0xff, 0x26, 0xff, 0xf2,
    0x6f, 0xff, 0x26, 0xff, 0xf2, 0x6f, 0xff, 0x26,
    0xff, 0xf2, 0x6f, 0xff, 0x20,

    /* U+007D "}" */
    0x6f, 0xda, 0x50, 0x0, 0x0, 0x6, 0xff, 0xff,
    0xc0, 0x0, 0x0, 0x6f, 0xff, 0xff, 0x90, 0x0,
    0x0, 0x16, 0xff, 0xff, 0x0, 0x0, 0x0, 0x8,
    0xff, 0xf3, 0x0, 0x0, 0x0, 0x4f, 0xff, 0x40,
    0x0, 0x0, 0x3, 0xff, 0xf5, 0x0, 0x0, 0x0,
    0x3f, 0xff, 0x50, 0x0, 0x0, 0x3, 0xff, 0xf5,
    0x0, 0x0, 0x0, 0x3f, 0xff, 0x50, 0x0, 0x0,
    0x1, 0xff, 0xf8, 0x0, 0x0, 0x0, 0xf, 0xff,
    0xe1, 0x0, 0x0, 0x0, 0x7f, 0xff, 0xfb, 0x50,
    0x0, 0x0, 0x5d, 0xff, 0xf9, 0x0, 0x0, 0x1,
    0x7f, 0xff, 0x90, 0x0, 0x3, 0xef, 0xff, 0xf9,
    0x0, 0x0, 0xdf, 0xff, 0x71, 0x0, 0x0, 0x1f,
    0xff, 0xa0, 0x0, 0x0, 0x2, 0xff, 0xf6, 0x0,
    0x0, 0x0, 0x3f, 0xff, 0x50, 0x0, 0x0, 0x3,
    0xff, 0xf5, 0x0, 0x0, 0x0, 0x3f, 0xff, 0x50,
    0x0, 0x0, 0x4, 0xff, 0xf4, 0x0, 0x0, 0x0,
    0x8f, 0xff, 0x30, 0x0, 0x1, 0x5f, 0xff, 0xf0,
    0x0, 0x6, 0xff, 0xff, 0xfa, 0x0, 0x0, 0x6f,
    0xff, 0xfc, 0x0, 0x0, 0x6, 0xfd, 0xa6, 0x0,
    0x0, 0x0,

    /* U+007E "~" */
    0x0, 0x2, 0x44, 0x0, 0x0, 0x0, 0x0, 0x0,
    0x0, 0xaf, 0xff, 0xf7, 0x0, 0x0, 0x3d, 0xda,
    0xb, 0xff, 0xff, 0xff, 0xb1, 0x0, 0x7f, 0xfc,
    0x3f, 0xff, 0xff, 0xff, 0xfd, 0x67, 0xff, 0xf9,
    0x7f, 0xfe, 0x30, 0x7f, 0xff, 0xff, 0xff, 0xf4,
    0x9f, 0xf8, 0x0, 0x4, 0xef, 0xff, 0xff, 0x90,
    0x47, 0x73, 0x0, 0x0, 0x19, 0xef, 0xd6, 0x0,

    /* U+00B0 "°" */
    0x0, 0x2, 0x8b, 0xb7, 0x10, 0x0, 0x6, 0xff,
    0xff, 0xfe, 0x30, 0x4, 0xff, 0xff, 0xff, 0xfe,
    0x10, 0xcf, 0xf8, 0x12, 0xbf, 0xf8, 0x1f, 0xfc,
    0x0, 0x1, 0xff, 0xd3, 0xff, 0x80, 0x0, 0xc,
    0xff, 0x2f, 0xfa, 0x0, 0x0, 0xef, 0xe0, 0xdf,
    0xf5, 0x0, 0x8f, 0xfa, 0x6, 0xff, 0xfd, 0xef,
    0xff, 0x20, 0x9, 0xff, 0xff, 0xff, 0x60, 0x0,
    0x5, 0xcf, 0xeb, 0x30, 0x0,

    /* U+00B7 "·" */
    0x5, 0xba, 0x10, 0x4f, 0xff, 0xd0, 0x8f, 0xff,
    0xf1, 0x5f, 0xff, 0xe0, 0x9, 0xfd, 0x30,

    /* U+2014 "—" */
    0x33, 0x33, 0x33, 0x33, 0x33, 0x33, 0x33, 0x33,
    0x33, 0x33, 0x33, 0x33, 0x33, 0x33, 0x33, 0xff,
    0xff, 0xff, 0xff, 0xff, 0xff, 0xff, 0xff, 0xff,
    0xff, 0xff, 0xff, 0xff, 0xff, 0xff, 0xff, 0xff,
    0xff, 0xff, 0xff, 0xff, 0xff, 0xff, 0xff, 0xff,
    0xff, 0xff, 0xff, 0xff, 0xff, 0xff, 0xff, 0xff,
    0xff, 0xff, 0xff, 0xff, 0xff, 0xff, 0xff, 0xff,
    0xff, 0xff, 0xff, 0xff,

    /* U+2248 "≈" */
    0x0, 0x0, 0x0, 0x0, 0x0, 0x0, 0x0, 0x0,
    0x0, 0x7d, 0xff, 0xa2, 0x0, 0x0, 0x39, 0x97,
    0xa, 0xff, 0xff, 0xff, 0x60, 0x0, 0x7f, 0xfa,
    0x3f, 0xff, 0xff, 0xff, 0xfa, 0x34, 0xef, 0xf8,
    0x8f, 0xfe, 0x43, 0xaf, 0xff, 0xff, 0xff, 0xf2,
    0xbf, 0xf7, 0x0, 0x6, 0xff, 0xff, 0xff, 0x80,
    0x58, 0x82, 0x0, 0x0, 0x29, 0xef, 0xc5, 0x0,
    0x0, 0x0, 0x21, 0x0, 0x0, 0x0, 0x0, 0x0,
    0x0, 0xaf, 0xff, 0xc4, 0x0, 0x0, 0x4b, 0xb8,
    0xc, 0xff, 0xff, 0xff, 0x80, 0x0, 0x8f, 0xfa,
    0x5f, 0xff, 0xff, 0xff, 0xfc, 0x56, 0xff, 0xf7,
    0x9f, 0xfd, 0x21, 0x8f, 0xff, 0xff, 0xff, 0xf2,
    0xbf, 0xf6, 0x0, 0x4, 0xef, 0xff, 0xff, 0x60,
    0x23, 0x31, 0x0, 0x0, 0x18, 0xcd, 0xa3, 0x0
};


/*---------------------
 *  GLYPH DESCRIPTION
 *--------------------*/

static const lv_font_fmt_txt_glyph_dsc_t glyph_dsc[] = {
    {.bitmap_index = 0, .adv_w = 0, .box_w = 0, .box_h = 0, .ofs_x = 0, .ofs_y = 0} /* id = 0 reserved */,
    {.bitmap_index = 0, .adv_w = 121, .box_w = 0, .box_h = 0, .ofs_x = 0, .ofs_y = 0},
    {.bitmap_index = 0, .adv_w = 154, .box_w = 6, .box_h = 22, .ofs_x = 2, .ofs_y = 0},
    {.bitmap_index = 66, .adv_w = 251, .box_w = 10, .box_h = 10, .ofs_x = 3, .ofs_y = 12},
    {.bitmap_index = 116, .adv_w = 309, .box_w = 19, .box_h = 22, .ofs_x = 0, .ofs_y = 0},
    {.bitmap_index = 325, .adv_w = 312, .box_w = 18, .box_h = 29, .ofs_x = 1, .ofs_y = -3},
    {.bitmap_index = 586, .adv_w = 482, .box_w = 26, .box_h = 22, .ofs_x = 2, .ofs_y = 0},
    {.bitmap_index = 872, .adv_w = 318, .box_w = 19, .box_h = 22, .ofs_x = 1, .ofs_y = 0},
    {.bitmap_index = 1081, .adv_w = 156, .box_w = 4, .box_h = 10, .ofs_x = 3, .ofs_y = 12},
    {.bitmap_index = 1101, .adv_w = 179, .box_w = 9, .box_h = 28, .ofs_x = 2, .ofs_y = -4},
    {.bitmap_index = 1227, .adv_w = 179, .box_w = 8, .box_h = 28, .ofs_x = 1, .ofs_y = -4},
    {.bitmap_index = 1339, .adv_w = 259, .box_w = 13, .box_h = 13, .ofs_x = 2, .ofs_y = 9},
    {.bitmap_index = 1424, .adv_w = 323, .box_w = 16, .box_h = 16, .ofs_x = 2, .ofs_y = 1},
    {.bitmap_index = 1552, .adv_w = 153, .box_w = 7, .box_h = 10, .ofs_x = 1, .ofs_y = -6},
    {.bitmap_index = 1587, .adv_w = 223, .box_w = 10, .box_h = 4, .ofs_x = 2, .ofs_y = 8},
    {.bitmap_index = 1607, .adv_w = 153, .box_w = 6, .box_h = 5, .ofs_x = 2, .ofs_y = 0},
    {.bitmap_index = 1622, .adv_w = 182, .box_w = 11, .box_h = 27, .ofs_x = 0, .ofs_y = -3},
    {.bitmap_index = 1771, .adv_w = 317, .box_w = 18, .box_h = 22, .ofs_x = 1, .ofs_y = 0},
    {.bitmap_index = 1969, .adv_w = 203, .box_w = 10, .box_h = 22, .ofs_x = 1, .ofs_y = 0},
    {.bitmap_index = 2079, .adv_w = 299, .box_w = 16, .box_h = 22, .ofs_x = 1, .ofs_y = 0},
    {.bitmap_index = 2255, .adv_w = 305, .box_w = 17, .box_h = 22, .ofs_x = 1, .ofs_y = 0},
    {.bitmap_index = 2442, .adv_w = 320, .box_w = 18, .box_h = 22, .ofs_x = 1, .ofs_y = 0},
    {.bitmap_index = 2640, .adv_w = 294, .box_w = 16, .box_h = 22, .ofs_x = 1, .ofs_y = 0},
    {.bitmap_index = 2816, .adv_w = 307, .box_w = 17, .box_h = 22, .ofs_x = 1, .ofs_y = 0},
    {.bitmap_index = 3003, .adv_w = 277, .box_w = 16, .box_h = 22, .ofs_x = 1, .ofs_y = 0},
    {.bitmap_index = 3179, .adv_w = 307, .box_w = 17, .box_h = 22, .ofs_x = 1, .ofs_y = 0},
    {.bitmap_index = 3366, .adv_w = 307, .box_w = 17, .box_h = 22, .ofs_x = 1, .ofs_y = 0},
    {.bitmap_index = 3553, .adv_w = 153, .box_w = 6, .box_h = 16, .ofs_x = 2, .ofs_y = 0},
    {.bitmap_index = 3601, .adv_w = 158, .box_w = 7, .box_h = 22, .ofs_x = 1, .ofs_y = -6},
    {.bitmap_index = 3678, .adv_w = 323, .box_w = 16, .box_h = 18, .ofs_x = 2, .ofs_y = 0},
    {.bitmap_index = 3822, .adv_w = 323, .box_w = 15, .box_h = 11, .ofs_x = 3, .ofs_y = 4},
    {.bitmap_index = 3905, .adv_w = 323, .box_w = 15, .box_h = 18, .ofs_x = 3, .ofs_y = 0},
    {.bitmap_index = 4040, .adv_w = 261, .box_w = 14, .box_h = 22, .ofs_x = 1, .ofs_y = 0},
    {.bitmap_index = 4194, .adv_w = 480, .box_w = 28, .box_h = 28, .ofs_x = 1, .ofs_y = -6},
    {.bitmap_index = 4586, .adv_w = 349, .box_w = 22, .box_h = 22, .ofs_x = 0, .ofs_y = 0},
    {.bitmap_index = 4828, .adv_w = 316, .box_w = 17, .box_h = 22, .ofs_x = 2, .ofs_y = 0},
    {.bitmap_index = 5015, .adv_w = 354, .box_w = 20, .box_h = 22, .ofs_x = 1, .ofs_y = 0},
    {.bitmap_index = 5235, .adv_w = 347, .box_w = 19, .box_h = 22, .ofs_x = 2, .ofs_y = 0},
    {.bitmap_index = 5444, .adv_w = 291, .box_w = 15, .box_h = 22, .ofs_x = 2, .ofs_y = 0},
    {.bitmap_index = 5609, .adv_w = 282, .box_w = 15, .box_h = 22, .ofs_x = 2, .ofs_y = 0},
    {.bitmap_index = 5774, .adv_w = 360, .box_w = 20, .box_h = 22, .ofs_x = 1, .ofs_y = 0},
    {.bitmap_index = 5994, .adv_w = 358, .box_w = 19, .box_h = 22, .ofs_x = 2, .ofs_y = 0},
    {.bitmap_index = 6203, .adv_w = 133, .box_w = 5, .box_h = 22, .ofs_x = 2, .ofs_y = 0},
    {.bitmap_index = 6258, .adv_w = 278, .box_w = 15, .box_h = 22, .ofs_x = 1, .ofs_y = 0},
    {.bitmap_index = 6423, .adv_w = 338, .box_w = 19, .box_h = 22, .ofs_x = 2, .ofs_y = 0},
    {.bitmap_index = 6632, .adv_w = 271, .box_w = 14, .box_h = 22, .ofs_x = 2, .ofs_y = 0},
    {.bitmap_index = 6786, .adv_w = 443, .box_w = 24, .box_h = 22, .ofs_x = 2, .ofs_y = 0},
    {.bitmap_index = 7050, .adv_w = 364, .box_w = 19, .box_h = 22, .ofs_x = 2, .ofs_y = 0},
    {.bitmap_index = 7259, .adv_w = 369, .box_w = 21, .box_h = 22, .ofs_x = 1, .ofs_y = 0},
    {.bitmap_index = 7490, .adv_w = 310, .box_w = 17, .box_h = 22, .ofs_x = 2, .ofs_y = 0},
    {.bitmap_index = 7677, .adv_w = 371, .box_w = 21, .box_h = 24, .ofs_x = 1, .ofs_y = -2},
    {.bitmap_index = 7929, .adv_w = 313, .box_w = 17, .box_h = 22, .ofs_x = 2, .ofs_y = 0},
    {.bitmap_index = 8116, .adv_w = 312, .box_w = 18, .box_h = 22, .ofs_x = 1, .ofs_y = 0},
    {.bitmap_index = 8314, .adv_w = 317, .box_w = 18, .box_h = 22, .ofs_x = 1, .ofs_y = 0},
    {.bitmap_index = 8512, .adv_w = 353, .box_w = 18, .box_h = 22, .ofs_x = 2, .ofs_y = 0},
    {.bitmap_index = 8710, .adv_w = 349, .box_w = 22, .box_h = 22, .ofs_x = 0, .ofs_y = 0},
    {.bitmap_index = 8952, .adv_w = 490, .box_w = 30, .box_h = 22, .ofs_x = 0, .ofs_y = 0},
    {.bitmap_index = 9282, .adv_w = 345, .box_w = 21, .box_h = 22, .ofs_x = 0, .ofs_y = 0},
    {.bitmap_index = 9513, .adv_w = 342, .box_w = 21, .box_h = 22, .ofs_x = 0, .ofs_y = 0},
    {.bitmap_index = 9744, .adv_w = 313, .box_w = 17, .box_h = 22, .ofs_x = 1, .ofs_y = 0},
    {.bitmap_index = 9931, .adv_w = 179, .box_w = 8, .box_h = 28, .ofs_x = 2, .ofs_y = -4},
    {.bitmap_index = 10043, .adv_w = 182, .box_w = 11, .box_h = 27, .ofs_x = 0, .ofs_y = -3},
    {.bitmap_index = 10192, .adv_w = 179, .box_w = 8, .box_h = 28, .ofs_x = 1, .ofs_y = -4},
    {.bitmap_index = 10304, .adv_w = 231, .box_w = 13, .box_h = 10, .ofs_x = 1, .ofs_y = 12},
    {.bitmap_index = 10369, .adv_w = 225, .box_w = 15, .box_h = 4, .ofs_x = 0, .ofs_y = -3},
    {.bitmap_index = 10399, .adv_w = 169, .box_w = 7, .box_h = 5, .ofs_x = 2, .ofs_y = 19},
    {.bitmap_index = 10417, .adv_w = 276, .box_w = 15, .box_h = 17, .ofs_x = 1, .ofs_y = 0},
    {.bitmap_index = 10545, .adv_w = 300, .box_w = 16, .box_h = 22, .ofs_x = 2, .ofs_y = 0},
    {.bitmap_index = 10721, .adv_w = 280, .box_w = 16, .box_h = 17, .ofs_x = 1, .ofs_y = 0},
    {.bitmap_index = 10857, .adv_w = 300, .box_w = 16, .box_h = 22, .ofs_x = 1, .ofs_y = 0},
    {.bitmap_index = 11033, .adv_w = 284, .box_w = 16, .box_h = 17, .ofs_x = 1, .ofs_y = 0},
    {.bitmap_index = 11169, .adv_w = 187, .box_w = 12, .box_h = 24, .ofs_x = 0, .ofs_y = 0},
    {.bitmap_index = 11313, .adv_w = 300, .box_w = 16, .box_h = 23, .ofs_x = 1, .ofs_y = -6},
    {.bitmap_index = 11497, .adv_w = 294, .box_w = 15, .box_h = 22, .ofs_x = 2, .ofs_y = 0},
    {.bitmap_index = 11662, .adv_w = 126, .box_w = 6, .box_h = 24, .ofs_x = 1, .ofs_y = 0},
    {.bitmap_index = 11734, .adv_w = 126, .box_w = 8, .box_h = 30, .ofs_x = -1, .ofs_y = -6},
    {.bitmap_index = 11854, .adv_w = 273, .box_w = 15, .box_h = 22, .ofs_x = 2, .ofs_y = 0},
    {.bitmap_index = 12019, .adv_w = 126, .box_w = 4, .box_h = 22, .ofs_x = 2, .ofs_y = 0},
    {.bitmap_index = 12063, .adv_w = 432, .box_w = 23, .box_h = 17, .ofs_x = 2, .ofs_y = 0},
    {.bitmap_index = 12259, .adv_w = 294, .box_w = 15, .box_h = 17, .ofs_x = 2, .ofs_y = 0},
    {.bitmap_index = 12387, .adv_w = 292, .box_w = 16, .box_h = 17, .ofs_x = 1, .ofs_y = 0},
    {.bitmap_index = 12523, .adv_w = 300, .box_w = 16, .box_h = 23, .ofs_x = 2, .ofs_y = -6},
    {.bitmap_index = 12707, .adv_w = 300, .box_w = 16, .box_h = 23, .ofs_x = 1, .ofs_y = -6},
    {.bitmap_index = 12891, .adv_w = 191, .box_w = 10, .box_h = 18, .ofs_x = 2, .ofs_y = 0},
    {.bitmap_index = 12981, .adv_w = 264, .box_w = 15, .box_h = 17, .ofs_x = 1, .ofs_y = 0},
    {.bitmap_index = 13109, .adv_w = 169, .box_w = 11, .box_h = 21, .ofs_x = 0, .ofs_y = 0},
    {.bitmap_index = 13225, .adv_w = 294, .box_w = 15, .box_h = 17, .ofs_x = 2, .ofs_y = 0},
    {.bitmap_index = 13353, .adv_w = 282, .box_w = 18, .box_h = 17, .ofs_x = 0, .ofs_y = 0},
    {.bitmap_index = 13506, .adv_w = 403, .box_w = 25, .box_h = 17, .ofs_x = 0, .ofs_y = 0},
    {.bitmap_index = 13719, .adv_w = 273, .box_w = 17, .box_h = 17, .ofs_x = 0, .ofs_y = 0},
    {.bitmap_index = 13864, .adv_w = 282, .box_w = 18, .box_h = 23, .ofs_x = 0, .ofs_y = -6},
    {.bitmap_index = 14071, .adv_w = 272, .box_w = 15, .box_h = 17, .ofs_x = 1, .ofs_y = 0},
    {.bitmap_index = 14199, .adv_w = 218, .box_w = 11, .box_h = 28, .ofs_x = 2, .ofs_y = -4},
    {.bitmap_index = 14353, .adv_w = 172, .box_w = 5, .box_h = 37, .ofs_x = 3, .ofs_y = -7},
    {.bitmap_index = 14446, .adv_w = 218, .box_w = 11, .box_h = 28, .ofs_x = 1, .ofs_y = -4},
    {.bitmap_index = 14600, .adv_w = 323, .box_w = 16, .box_h = 7, .ofs_x = 2, .ofs_y = 6},
    {.bitmap_index = 14656, .adv_w = 220, .box_w = 11, .box_h = 11, .ofs_x = 1, .ofs_y = 12},
    {.bitmap_index = 14717, .adv_w = 153, .box_w = 6, .box_h = 5, .ofs_x = 2, .ofs_y = 8},
    {.bitmap_index = 14732, .adv_w = 480, .box_w = 30, .box_h = 4, .ofs_x = 0, .ofs_y = 8},
    {.bitmap_index = 14792, .adv_w = 323, .box_w = 16, .box_h = 14, .ofs_x = 2, .ofs_y = 2}
};

/*---------------------
 *  CHARACTER MAPPING
 *--------------------*/

static const uint16_t unicode_list_1[] = {
    0x0, 0x7, 0x1f64, 0x2198
};

/*Collect the unicode lists and glyph_id offsets*/
static const lv_font_fmt_txt_cmap_t cmaps[] =
{
    {
        .range_start = 32, .range_length = 95, .glyph_id_start = 1,
        .unicode_list = NULL, .glyph_id_ofs_list = NULL, .list_length = 0, .type = LV_FONT_FMT_TXT_CMAP_FORMAT0_TINY
    },
    {
        .range_start = 176, .range_length = 8601, .glyph_id_start = 96,
        .unicode_list = unicode_list_1, .glyph_id_ofs_list = NULL, .list_length = 4, .type = LV_FONT_FMT_TXT_CMAP_SPARSE_TINY
    }
};

/*-----------------
 *    KERNING
 *----------------*/


/*Map glyph_ids to kern left classes*/
static const uint8_t kern_left_class_mapping[] =
{
    0, 0, 0, 1, 0, 0, 0, 2,
    1, 3, 0, 4, 5, 6, 5, 6,
    7, 8, 9, 10, 11, 12, 13, 14,
    15, 11, 8, 16, 16, 0, 17, 18,
    0, 19, 0, 0, 0, 0, 0, 0,
    0, 0, 0, 0, 0, 0, 0, 0,
    0, 0, 0, 0, 0, 0, 0, 0,
    0, 0, 0, 0, 3, 20, 0, 4,
    21, 0, 0, 0, 0, 0, 0, 0,
    0, 0, 0, 0, 0, 0, 0, 0,
    0, 0, 0, 0, 0, 0, 0, 0,
    0, 0, 0, 0, 3, 9, 0, 5,
    4, 22, 0, 17
};

/*Map glyph_ids to kern right classes*/
static const uint8_t kern_right_class_mapping[] =
{
    0, 1, 2, 3, 4, 5, 0, 6,
    3, 0, 7, 8, 9, 10, 9, 10,
    11, 12, 13, 14, 15, 16, 17, 12,
    18, 19, 20, 21, 21, 22, 23, 0,
    24, 25, 0, 0, 0, 0, 0, 0,
    0, 0, 0, 0, 0, 0, 0, 0,
    0, 0, 0, 0, 0, 0, 0, 0,
    0, 0, 0, 0, 0, 26, 7, 8,
    27, 0, 0, 0, 0, 0, 0, 0,
    0, 0, 0, 0, 0, 0, 0, 0,
    0, 0, 0, 0, 0, 0, 0, 0,
    0, 0, 0, 0, 0, 28, 7, 9,
    8, 9, 0, 23
};

/*Kern values between classes*/
static const int8_t kern_class_values[] =
{
    0, 0, 0, 0, 0, -16, 0, 0,
    0, -42, 0, 0, 0, 0, 0, -30,
    0, 0, 0, 0, 0, 0, 0, 0,
    0, 0, 0, 0, 0, 0, -16, 0,
    0, 0, 0, 0, 0, 0, 0, 0,
    0, 0, 0, 0, 0, 0, 0, 0,
    0, 0, 0, 0, 0, -30, 0, 0,
    0, 0, 0, 0, 0, 0, 0, 0,
    0, 0, 0, 0, 0, 0, 0, 0,
    0, 0, 0, 0, 0, 0, 0, 0,
    0, 0, 0, 6, 0, 0, 0, 0,
    0, -16, 0, 0, 0, -65, 0, 0,
    0, 0, 0, -22, 0, 0, 0, 0,
    0, 0, 0, 0, -7, 0, -33, 0,
    0, 0, 0, 0, 0, 0, 0, 0,
    0, 0, 0, 0, 0, -12, -4, 0,
    0, -13, 0, 0, 0, 0, 0, 0,
    0, -22, 0, 0, -10, -4, -45, 0,
    0, 0, 0, 0, 0, 0, 0, -13,
    -43, 0, -12, 0, -4, -10, -13, -5,
    0, 0, 0, -42, -21, 0, 0, 0,
    0, 0, 0, 0, 0, 0, 0, 0,
    0, -19, 0, 0, 0, 0, 0, 0,
    0, 0, 0, 0, 0, 0, 0, 0,
    0, 2, 0, 0, 0, 0, 0, 0,
    0, 0, 0, 0, 0, -13, 0, 0,
    0, 0, 0, 0, 0, -9, 0, 0,
    0, 0, 0, 0, 0, -10, -22, 0,
    0, 0, 0, 0, 0, 0, 6, 0,
    0, 0, 0, 0, 0, 0, 0, 0,
    0, 0, 0, 0, 0, 0, 0, 0,
    0, 0, 6, 0, 0, 0, 0, 0,
    0, 0, 0, 0, 0, 0, 0, 0,
    0, 0, 0, -7, 0, 0, 0, 0,
    0, 0, 0, 0, 0, 0, 0, 0,
    0, 0, 0, 0, 0, 0, 0, -4,
    0, -10, 0, 0, 0, 0, 0, 0,
    0, 0, 0, 0, 0, 0, 0, 0,
    0, 0, 0, 0, 0, 0, 0, 0,
    0, 0, 0, -15, 0, -16, 0, 0,
    -15, 0, 0, 0, 0, 0, 0, 0,
    0, 0, 0, 0, 0, 0, 0, 0,
    0, 0, 0, 0, 0, 0, 0, -2,
    0, -12, 0, 0, 0, 0, 0, 0,
    0, 0, 0, 0, 0, 0, 0, 0,
    0, 0, 0, 0, 0, 0, 0, 0,
    0, 0, 0, 0, 0, -15, 0, 0,
    0, 0, 0, 0, 0, 0, 0, 0,
    0, 0, 0, 0, 0, 0, -22, 0,
    0, 0, 0, -27, 0, -22, 0, 0,
    0, -60, 0, -7, 0, 0, -8, -28,
    -5, 9, -7, -5, -16, -44, 0, 0,
    0, 0, -76, 0, 0, 0, 0, 0,
    0, 0, 0, 0, 0, 0, 0, 0,
    0, 0, 0, 0, 0, 0, 0, 0,
    0, 0, 0, 0, 0, -30, 0, 0,
    0, 0, 0, 0, 0, 0, 0, 0,
    0, 0, 0, 0, 0, 0, 0, 0,
    0, 0, 0, 0, 0, 0, 0, 0,
    0, -33, 0, 0, 0, 0, 0, 0,
    0, 0, 0, 0, 0, 0, 0, 0,
    0, 0, 0, 0, 0, -35, 0, 0,
    0, 0, 0, 0, 0, -35, 0, 0,
    0, 0, 0, 0, 0, 0, 0, 0,
    0, -21, -19, 0, 0, 0, 0, 0,
    0, 0, 0, 0, 0, 0, 0, 0,
    0, -18, -19, 0, 0, 0, -38, 0,
    -5, 0, 0, -43, -16, 0, 7, 0,
    -21, 0, 0, 0, 0, 0, 0, 0,
    0, -12, -24, -30, -19, -23, 0, 0,
    0, 0, 0, 0, 0, 0, 0, -33,
    0, 0, 0, -22, -52, 0, -22, -27,
    -22, 0, -22, -22, 0, 0, 0, 0,
    -19, -38, 0, 16, 0, 0, 0, 0,
    0, 0, 0, 0, 0, 0, 0, 0,
    0, -12, -4, 0, 0, -13, 0, 0,
    0, 0, 0, 0, 0, -19, 0, 0
};


/*Collect the kern class' data in one place*/
static const lv_font_fmt_txt_kern_classes_t kern_classes =
{
    .class_pair_values   = kern_class_values,
    .left_class_mapping  = kern_left_class_mapping,
    .right_class_mapping = kern_right_class_mapping,
    .left_class_cnt      = 22,
    .right_class_cnt     = 28,
};

/*--------------------
 *  ALL CUSTOM DATA
 *--------------------*/

#if LVGL_VERSION_MAJOR == 8
/*Store all the custom data of the font*/
static  lv_font_fmt_txt_glyph_cache_t cache;
#endif

#if LVGL_VERSION_MAJOR >= 8
static const lv_font_fmt_txt_dsc_t font_dsc = {
#else
static lv_font_fmt_txt_dsc_t font_dsc = {
#endif
    .glyph_bitmap = glyph_bitmap,
    .glyph_dsc = glyph_dsc,
    .cmaps = cmaps,
    .kern_dsc = &kern_classes,
    .kern_scale = 16,
    .cmap_num = 2,
    .bpp = 4,
    .kern_classes = 1,
    .bitmap_format = 0,
#if LVGL_VERSION_MAJOR == 8
    .cache = &cache
#endif
};



/*-----------------
 *  PUBLIC FONT
 *----------------*/

/*Initialize a public general font descriptor*/
#if LVGL_VERSION_MAJOR >= 8
const lv_font_t font_hero = {
#else
lv_font_t font_hero = {
#endif
    .get_glyph_dsc = lv_font_get_glyph_dsc_fmt_txt,    /*Function pointer to get glyph's data*/
    .get_glyph_bitmap = lv_font_get_bitmap_fmt_txt,    /*Function pointer to get glyph's bitmap*/
    .line_height = 37,          /*The maximum line height required by the font*/
    .base_line = 7,             /*Baseline measured from the bottom of the line*/
#if !(LVGL_VERSION_MAJOR == 6 && LVGL_VERSION_MINOR == 0)
    .subpx = LV_FONT_SUBPX_NONE,
#endif
#if LV_VERSION_CHECK(7, 4, 0) || LVGL_VERSION_MAJOR >= 8
    .underline_position = -5,
    .underline_thickness = 3,
#endif
    .dsc = &font_dsc,          /*The custom font data. Will be accessed by `get_glyph_bitmap/dsc` */
#if LV_VERSION_CHECK(8, 2, 0) || LVGL_VERSION_MAJOR >= 9
    .fallback = NULL,
#endif
    .user_data = NULL,
};



#endif /*#if FONT_HERO*/

